n_clusters,init,embedding_size,adjusted_rand_score,adjusted_mutual_info_score,purity_score,silhouette_score,calinski_harabasz_score,davies_bouldin_score,norm_davies_bouldin_score
3,acedec,2,0.5157715420021397,0.5744025585484134,0.746,0.48033139204620456,2449.2990297100723,0.7777335802289541,0.5625139847283585
3,acedec,5,0.510442892649353,0.5758061239803582,0.731,0.4762819771540362,2344.7827899595654,0.766207257525965,0.5661849682356992
3,acedec,10,0.48535430039236066,0.5560346393923513,0.669,0.42981155361025214,2132.4539745017014,0.9139333257917232,0.5224842404509243
