n_clusters,init,embedding_size,adjusted_rand_score,adjusted_mutual_info_score,purity_score,silhouette_score,calinski_harabasz_score,davies_bouldin_score,norm_davies_bouldin_score
2,acedec,2,-0.000517194220870814,-0.00037347181566095024,0.511,0.3512048012312788,568.83843758282,1.188485621405844,0.45693697514796455
2,acedec,5,0.00134119294415161,0.0010182631446679826,0.524,0.3419901012583706,543.3560355108929,1.1795491545665306,0.45881048284909187
2,acedec,10,-0.0008058036039847551,-0.0005814630836761006,0.507,0.34820536302824584,551.2161195421128,1.20574874977944,0.45336079193062817
