n_clusters,init,embedding_size,adjusted_rand_score,adjusted_mutual_info_score,purity_score,silhouette_score,calinski_harabasz_score,davies_bouldin_score,norm_davies_bouldin_score
10,acedec,2,0.3324612579554371,0.5461170919974325,0.594062947067239,0.39787677359427864,2721.5213672882905,0.7456703750578129,0.5728458329178452
10,acedec,5,-1.0,-1.0,-1.0,-1.0,-1.0,-1.0,inf
10,acedec,10,0.31874781829685933,0.5141971509148706,0.5912017167381974,0.34716267542852197,2487.264955003084,0.9270270529855609,0.518934074355983
