n_clusters,init,embedding_size,adjusted_rand_score,adjusted_mutual_info_score,purity_score,silhouette_score,calinski_harabasz_score,davies_bouldin_score,norm_davies_bouldin_score
3,acedec,2,0.9674656426335413,0.9510365651625939,0.989,0.6502295611104099,3014.8898991161054,0.49251740285368023,0.6700089379782164
3,acedec,5,0.9674656426335413,0.9510365651625939,0.989,0.6502295611104099,3014.8898991161054,0.49251740285368023,0.6700089379782164
3,acedec,10,0.9674656426335413,0.9510365651625939,0.989,0.6502295611104099,3014.8898991161054,0.49251740285368023,0.6700089379782164
