n_clusters,embedding_size,adjusted_rand_score,adjusted_mutual_info_score,purity_score,silhouette_score,calinski_harabasz_score,davies_bouldin_score,norm_davies_bouldin_score
10,2,-1.0,-1.0,-1.0,-1.0,-1.0,-1.0,inf
10,5,0.3599592192983455,0.5590627383438118,0.6176680972818311,0.3735828443920812,2673.6806492474198,0.8177447340631774,0.550132249738232
10,10,0.3899079118055037,0.5605958714127841,0.601931330472103,0.3794945788235684,2625.9585374643852,0.8323047835547884,0.5457607320436811
