n_clusters,embedding_size,adjusted_rand_score,adjusted_mutual_info_score,purity_score,silhouette_score,calinski_harabasz_score,davies_bouldin_score,norm_davies_bouldin_score
3,2,0.9821178102467791,0.9700927210841654,0.994,0.4756442061320488,1955.3417295994627,0.8937679402140853,0.5280478028828351
3,5,0.6612403734765487,0.6670249495797983,0.86,0.5117513934427551,2557.52945082175,0.7107912732541969,0.5845248427634547
3,10,0.9821178102467791,0.9700927210841654,0.994,0.4756442061320488,1955.3417295994627,0.8937679402140853,0.5280478028828351
