n_clusters,embedding_size,adjusted_rand_score,adjusted_mutual_info_score,purity_score,silhouette_score,calinski_harabasz_score,davies_bouldin_score,norm_davies_bouldin_score
2,10,0.008981265050813059,2.610559248761393e-06,0.6410256410256411,0.256876699307306,81.76277660194044,1.7749497990784036,0.36036687954935714
2,20,-0.022041340351778148,0.007299128558769734,0.6410256410256411,0.28455037666670435,72.30739094352596,1.7023741349893389,0.3700449863889573
2,30,-0.031736459042081604,0.03840402930083361,0.6410256410256411,0.27268766237821146,67.52250968766043,1.6566170212687032,0.3764185774592518
2,40,-0.029651994115892234,0.044963103571727434,0.6410256410256411,0.26167214857056126,65.38290042158171,1.715393852237741,0.36827070193736555
