n_clusters,embedding_size,adjusted_rand_score,adjusted_mutual_info_score,purity_score,silhouette_score,calinski_harabasz_score,davies_bouldin_score,norm_davies_bouldin_score
2,10,0.7129518949209469,0.591507810485052,0.9226713532513181,0.31614748164581596,262.64207904290606,1.3354510913926336,0.4281828053199342
2,20,0.7603354251813218,0.701470221548167,0.9367311072056239,0.38323772040065485,352.27707791130535,1.1267158886000956,0.47020855270811324
2,30,0.7603354251813218,0.701470221548167,0.9367311072056239,0.3838866136638313,353.05144342292715,1.1255028385702657,0.47047690638355344
2,40,-0.014620820067278184,0.0019447656684901395,0.6274165202108963,0.17636582860347266,31.532964096055927,3.045205691297011,0.24720621800553505
