n_clusters,embedding_size,adjusted_rand_score,adjusted_mutual_info_score,purity_score,silhouette_score,calinski_harabasz_score,davies_bouldin_score,norm_davies_bouldin_score
3,2,-0.0036940075497019125,-0.0035605161446462742,0.3557692307692308,0.3635102972749865,236.0929175506026,0.8912758213128152,0.5287436072152909
3,5,-0.004340043705654735,-0.004042829853724498,0.358974358974359,0.3542517886979999,220.32227353798342,0.8973213649688091,0.5270588411976478
3,10,-0.00451434234679278,-0.004197700693585476,0.358974358974359,0.3534104540784237,206.51935499569902,0.9029151644833595,0.5255095017709313
