damping,preference,adjusted_rand_score,adjusted_mutual_info_score,purity_score,silhouette_score,calinski_harabasz_score,davies_bouldin_score
0.5,,0.10368628225119614,0.4217864390546783,0.9976825028968713,0.2572639734097348,0.8106530327827524,0.5748172102076615
0.5,-50.0,,,,,,
0.5,-100.0,,,,,,
0.7,,0.2255660058981492,0.5578793583702688,0.9976825028968713,0.33753181664930115,1.0,0.5206957507877367
0.7,-50.0,0.006067403686615611,0.028318205722035587,1.0,0.015832201914152536,0.31936069336290923,0.8486476194039916
0.7,-100.0,0.0001198393299845804,0.0040870255108657995,1.0,0.005567334487211457,0.5582783857285892,0.9080190872945384
0.9,,0.23207873280978483,0.5595075318389485,0.9976825028968713,0.33073437372582143,0.997547370465923,0.515525079067445
0.9,-50.0,,,,,,
0.9,-100.0,,,,,,
