damping,preference,adjusted_rand_score,adjusted_mutual_info_score,purity_score,silhouette_score,calinski_harabasz_score,davies_bouldin_score
0.5,,0.06094300398525363,0.16203653622332814,1.0,0.2071463677542122,0.5744057335388305,0.7783880502719086
0.5,-50.0,,,,,,
0.5,-100.0,,,,,,
0.7,,0.10185100573445352,0.3742700330030549,1.0,0.47409334443017737,0.9950787649463407,0.6238629491350798
0.7,-50.0,,,,,,
0.7,-100.0,,,,,,
0.9,,0.10152609755054931,0.3741822848367553,1.0,0.4821152121851416,1.0,0.6291393002737373
0.9,-50.0,0.4811166159116251,0.3822856747739893,0.847,0.5005194666019809,0.8814121303403798,0.5542976961103777
0.9,-100.0,0.4811166159116251,0.3822856747739893,0.847,0.5005194666019809,0.8814121303403798,0.5542976961103777
