damping,preference,adjusted_rand_score,adjusted_mutual_info_score,purity_score,silhouette_score,calinski_harabasz_score,davies_bouldin_score
0.5,,0.4311273398715095,0.4225609804488635,0.981,0.36496273984265515,0.7148147468541193,0.43856600635008347
0.5,-50.0,,,,,,
0.5,-100.0,,,,,,
0.7,,0.2595173486401786,0.5273792670084724,0.981,0.32464038827297004,0.9919889152083625,0.08589931140051432
0.7,-50.0,,,,,,
0.7,-100.0,,,,,,
0.9,,0.32699126310458015,0.5528316665918273,0.978,0.31499949153968976,0.9961921320778198,0.0
0.9,-50.0,0.4489574353400429,0.5206301892163459,0.667,0.6218890101330066,1.0,0.44224364273254113
0.9,-100.0,,,,,,
