damping,preference,adjusted_rand_score,adjusted_mutual_info_score,purity_score,silhouette_score,calinski_harabasz_score,davies_bouldin_score
0.5,,0.19682920541834864,0.5042907306774573,0.992,0.26204946462478407,0.9351655709182941,0.5273995355293114
0.5,-50.0,,,,,,
0.5,-100.0,,,,,,
0.7,,0.2050930726572095,0.5255460482485844,0.993,0.3240584606657407,0.997374530576235,0.5370089033660196
0.7,-50.0,,,,,,
0.7,-100.0,,,,,,
0.9,,0.21831198540923308,0.5348700378198799,0.99,0.33107720311147854,1.0,0.535779251332676
0.9,-50.0,0.5705711831835333,0.7332037453413733,0.667,0.5738773808716731,0.9834038727482038,0.6172441946732294
0.9,-100.0,,,,,,
