damping,preference,adjusted_rand_score,adjusted_mutual_info_score,purity_score,silhouette_score,calinski_harabasz_score,davies_bouldin_score
0.5,,0.21388127182546543,0.46589809914219055,0.9826,0.13204298198674774,0.6768882105610411,0.5478516425109379
0.5,-50.0,,,,,,
0.5,-100.0,,,,,,
0.7,,0.558554000988676,0.7730898002649865,0.9568,0.3533431398978476,0.8181538919387149,0.39741630500742264
0.7,-50.0,,,,,,
0.7,-100.0,,,,,,
0.9,,0.6632929051625419,0.838562688507392,0.9548,0.40544409253482033,1.0,0.0
0.9,-50.0,,,,,,
0.9,-100.0,,,,,,
