damping,preference,adjusted_rand_score,adjusted_mutual_info_score,purity_score,silhouette_score,calinski_harabasz_score,davies_bouldin_score
0.5,,0.07159753821450904,0.2611658278416715,1.0,0.3320668296601862,0.7075367316954021,0.7292627655988599
0.5,-50.0,,,,,,
0.5,-100.0,,,,,,
0.7,,0.07574937542870788,0.3452171755479391,1.0,0.45706702824819995,1.0,0.6253215583000428
0.7,-50.0,,,,,,
0.7,-100.0,,,,,,
0.9,,0.07861753269185753,0.3485917353287275,1.0,0.4655943823513847,0.996093472352864,0.628588435384045
0.9,-50.0,-0.0008054827044324687,-0.0005814854145481554,0.507,0.35990976158672483,0.8459092250066964,0.46411119665225486
0.9,-100.0,0.021929264473452965,0.13161889712706554,1.0,0.21800207064942367,0.6528859507288964,0.7714292550410377
