damping,preference,adjusted_rand_score,adjusted_mutual_info_score,purity_score,silhouette_score,calinski_harabasz_score,davies_bouldin_score
0.5,,0.1512689285580277,0.33636254405643096,0.9982,0.08042715911890146,0.6224559472869595,0.7468445661770261
0.5,-50.0,,,,,,
0.5,-100.0,,,,,,
0.7,,0.7503578147582037,0.8973431097591671,0.9952,0.4006927746005485,0.9894637017085307,0.48677661184514615
0.7,-50.0,,,,,,
0.7,-100.0,,,,,,
0.9,,0.8442624391704551,0.931059742174555,0.996,0.4960370641417104,1.0,0.5222787395789631
0.9,-50.0,0.3302203968443682,0.6406240611364302,0.274,0.4419033654292183,0.8749178916438051,0.5643156415824967
0.9,-100.0,0.12802719053710238,0.38785597493730933,0.1408,0.3862056711467163,0.8273488430145353,0.47002016691609416
