damping,preference,adjusted_rand_score,adjusted_mutual_info_score,purity_score,silhouette_score,calinski_harabasz_score,davies_bouldin_score
0.5,,0.3152238961587637,0.6999760317709569,0.9847715736040609,0.40109284078686747,0.9918157221476523,0.02800633315486034
0.5,-50.0,0.17391015671402374,0.6094836141863942,0.9961928934010152,0.3578207720109869,0.9969509039773454,0.015398397966505883
0.5,-100.0,0.21919103268553142,0.6497314728201298,1.0,0.37273260166149375,0.9975208107232248,0.0
0.7,,0.3915053255147707,0.7474921535086954,0.9961928934010152,0.42531019348577903,0.9978778631690952,0.04534885785287279
0.7,-50.0,0.19528512285943275,0.6270248006867097,0.9974619289340102,0.3680989871917053,0.9979146046880512,0.017978118106401264
0.7,-100.0,0.23962306158348662,0.6609943875941208,0.9974619289340102,0.3825474581776651,0.9992253960753107,0.022902387824328962
0.9,,0.37025062286237914,0.7363250901272226,0.9961928934010152,0.41968508270592964,0.9967323788151374,0.040423050964643936
0.9,-50.0,0.19649314227475262,0.6274613586082038,0.9974619289340102,0.3693338457492699,0.9968959098140845,0.019662725590826158
0.9,-100.0,0.23166751996736173,0.6562199452273942,0.9974619289340102,0.38180459291906765,1.0,0.03283097021254
