damping,preference,adjusted_rand_score,adjusted_mutual_info_score,purity_score,silhouette_score,calinski_harabasz_score,davies_bouldin_score
0.5,,0.6361512533764913,0.8090305884950261,0.7620303230059328,0.4107270890947095,0.6703533429228328,0.0
0.5,-50.0,0.7854559751862178,0.8830801749373488,0.99340804218853,0.5382467237452753,0.8537327150775025,0.4400494016425438
0.5,-100.0,0.633830180511685,0.7041615533395924,0.989452867501648,0.3430061133001758,0.6739793389218016,0.45257003177828237
0.7,,0.9329601882964746,0.9626050840650726,0.984179301252472,0.6422856824898031,0.9891218925984063,0.38534267824434787
0.7,-50.0,0.7952345959531565,0.9211452285841626,0.99340804218853,0.571019544480928,1.0,0.2300472731388653
0.7,-100.0,0.9074167795901376,0.9555385920079172,0.984838497033619,0.6287590862679564,0.9909246930991427,0.3568041924280768
0.9,,0.9780789355937086,0.98151298612778,0.988134475939354,0.6615012802159129,0.9833765762024574,0.4543659094772785
0.9,-50.0,0.8317361620338282,0.9332767795021288,0.994067237969677,0.592526829191214,0.9977908287755393,0.2598486014735132
0.9,-100.0,0.9413508928290203,0.968136311541601,0.989452867501648,0.6394717146545892,0.9879569420249562,0.3801804500707743
