damping,preference,adjusted_rand_score,adjusted_mutual_info_score,purity_score,silhouette_score,calinski_harabasz_score,davies_bouldin_score
0.5,,0.11258995458796175,0.3599964311374144,0.8183118741058655,0.19677447800825862,0.6909788197558838,0.6917725226392699
0.5,-50.0,,,,,,
0.5,-100.0,,,,,,
0.7,,0.1653939968658129,0.48843027332039896,0.7178111587982833,0.3356764950697956,0.9955857452972056,0.5411117465266362
0.7,-50.0,,,,,,
0.7,-100.0,,,,,,
0.9,,0.1808182058076958,0.5049721583329956,0.7278254649499285,0.3499809333619495,1.0,0.5457283984724206
0.9,-50.0,0.10943663945290816,0.19829995866475572,0.27145922746781115,0.3532352241171335,0.9322908771754189,0.4713717763401861
0.9,-100.0,,,,,,
