damping,preference,adjusted_rand_score,adjusted_mutual_info_score,purity_score,silhouette_score,calinski_harabasz_score,davies_bouldin_score
0.5,,0.557778452175463,0.5289718824335438,0.9963210702341138,0.4076124009194337,0.6861031369804856,0.7294101688282173
0.5,-50.0,,,,,,
0.5,-100.0,,,,,,
0.7,,0.9555610361679319,0.97329263222909,0.9983277591973244,0.770433120613218,0.9972303011182444,0.708003415196383
0.7,-50.0,,,,,,
0.7,-100.0,,,,,,
0.9,,0.8246691114631135,0.924681953139251,0.9993311036789297,0.6643100966367422,1.0,0.6345291198309898
0.9,-50.0,0.575304957635102,0.7775691726107422,0.611371237458194,0.6691950161866606,0.8104670463565206,0.670645372697902
0.9,-100.0,0.4711169081020654,0.689061581704257,0.5130434782608696,0.6176715071638047,0.7853354288954825,0.6235223093271354
