damping,preference,adjusted_rand_score,adjusted_mutual_info_score,purity_score,silhouette_score,calinski_harabasz_score,davies_bouldin_score
0.5,,0.3589814714431042,0.6501071017487918,0.924812030075188,0.42349180638093814,0.9933805843601244,0.17546065673848332
0.5,-50.0,0.26798413692265943,0.6329495155681848,0.9824561403508771,0.36730778652991564,0.9917568685875363,0.022473482517097465
0.5,-100.0,0.3233026735564389,0.6519599784738412,0.9598997493734336,0.37336473469075926,0.9873866051495166,0.0
0.7,,0.39167274667826973,0.671189235353241,0.9273182957393483,0.44325991922733404,0.996758252615614,0.17285823094470198
0.7,-50.0,0.27685907130534015,0.6336699106019569,0.974937343358396,0.37404829592543726,0.9917358109982704,0.04165958478807408
0.7,-100.0,0.33250416623311885,0.6365220202149009,0.924812030075188,0.3945934070185881,0.9923712662618669,0.09431695639307647
0.9,,0.39316483648484396,0.675140249617097,0.9147869674185464,0.4382414002070825,1.0,0.16364064097590736
0.9,-50.0,0.26569130958588677,0.6217385976435506,0.9624060150375939,0.36548359814987835,0.9910938301039225,0.022721386344922267
0.9,-100.0,0.3332323720037286,0.6363741069711649,0.924812030075188,0.39621697344422296,0.9928617532417655,0.09382985781379272
