n_clusters,linkage,adjusted_rand_score,adjusted_mutual_info_score,purity_score,silhouette_score,calinski_harabasz_score,davies_bouldin_score
6,ward,0.5105747246744949,0.6906859893701874,0.7844611528822055,0.3999628143502988,1.0,0.5487744835100122
6,complete,0.7181636040389748,0.7288159642709691,0.7919799498746867,0.5032548497598842,0.9697357760901142,0.5578413251661762
6,average,0.792463483202561,0.8021447257423063,0.8245614035087719,0.4750041634164487,0.957332536250315,0.5502599679857227
