n_clusters,linkage,adjusted_rand_score,adjusted_mutual_info_score,purity_score,silhouette_score,calinski_harabasz_score,davies_bouldin_score
10,ward,0.351232539853601,0.5714400077315794,0.6055078683834049,0.36445517337859284,1.0,0.5585430716368106
10,complete,0.3696939747576376,0.5254030653916175,0.5958512160228898,0.2691529751258496,0.9573686639179705,0.5299272505923533
10,average,0.4135349659056393,0.581470041643988,0.6148068669527897,0.3607521530883304,0.9737525924434087,0.5609161691232987
