n_clusters,linkage,adjusted_rand_score,adjusted_mutual_info_score,purity_score,silhouette_score,calinski_harabasz_score,davies_bouldin_score
15,ward,0.988135350714293,0.989285680355119,0.9944,0.7085450839314958,1.0,0.021320144441740907
15,complete,0.9783665762511713,0.9837793289743236,0.9894,0.7013721292498237,0.9954269279902092,0.0
15,average,0.9871737363901109,0.9880222234727017,0.994,0.7083631645839269,0.9998527577995879,0.01301612201361202
