n_clusters,linkage,adjusted_rand_score,adjusted_mutual_info_score,purity_score,silhouette_score,calinski_harabasz_score,davies_bouldin_score
2,ward,0.6557678625051739,0.6310649230360568,0.905,0.4645182668028428,1.0,0.02049350557533547
2,complete,0.665532532796162,0.6386454699529466,0.908,0.4597363544615316,0.9986886139470521,0.014176981339129924
2,average,0.7393441972482304,0.6984313714510977,0.93,0.4604537423377573,0.9987280967358094,0.0
