n_clusters,linkage,adjusted_rand_score,adjusted_mutual_info_score,purity_score,silhouette_score,calinski_harabasz_score,davies_bouldin_score
20,ward,0.9904626464165591,0.990364109574626,0.994067237969677,0.6583745885178701,1.0,0.29489582691811134
20,complete,0.795543829373635,0.9191203666883802,0.8365194462755439,0.5319899224440856,0.9382399392257801,0.0
20,average,0.9002947794177215,0.9580107439925556,0.9110085695451549,0.6024960877567134,0.9633920231325069,0.2598253082710098
