n_clusters,linkage,adjusted_rand_score,adjusted_mutual_info_score,purity_score,silhouette_score,calinski_harabasz_score,davies_bouldin_score
7,ward,0.8150176457531946,0.9074127251931072,0.9517766497461929,0.4330364061968293,1.0,0.5560625309306217
7,complete,0.8764173805488659,0.8898240698021278,0.9175126903553299,0.4406893478909529,0.9900802005926835,0.5725598343457265
7,average,0.991326806021418,0.9867504398744344,0.9949238578680203,0.4741978028229668,0.9938197665535508,0.6478250337541271
