n_clusters,linkage,adjusted_rand_score,adjusted_mutual_info_score,purity_score,silhouette_score,calinski_harabasz_score,davies_bouldin_score
3,ward,0.5406959949638579,0.611347819511716,0.77,0.4842742482747254,0.9826253555297876,0.5975737003322058
3,complete,0.4501045772633434,0.5137385449480417,0.664,0.4395461071128393,0.9732361459849423,0.5368761685995951
3,average,0.6278994659159319,0.6396179521494573,0.844,0.5094771629720939,1.0,0.5809621043409611
