n_clusters,linkage,adjusted_rand_score,adjusted_mutual_info_score,purity_score,silhouette_score,calinski_harabasz_score,davies_bouldin_score
9,ward,1.0,1.0,1.0,0.8374016743635769,0.999629313464621,0.6248379623815163
9,complete,0.8884876352514905,0.9253042385411241,0.9277591973244147,0.6856057085634313,0.9407823713505447,0.0
9,average,0.9976526794329159,0.9962958565535651,0.9986622073578595,0.8373633000685332,1.0,0.6229552909289809
