n_clusters,linkage,adjusted_rand_score,adjusted_mutual_info_score,purity_score,silhouette_score,calinski_harabasz_score,davies_bouldin_score
3,ward,0.001766257279048622,0.0016676145177277574,0.3814102564102564,0.32702563279857433,0.9700528222057033,0.5126483025626889
3,complete,0.010045250597677965,0.010631822255424892,0.40064102564102566,0.3434115070856264,1.0,0.5239661467437549
3,average,-0.0010659088460023385,-0.0010677733551384364,0.3717948717948718,0.3346594736807199,0.977817353966703,0.5193084946198444
