n_clusters,linkage,adjusted_rand_score,adjusted_mutual_info_score,purity_score,silhouette_score,calinski_harabasz_score,davies_bouldin_score
3,ward,0.9528880477157353,0.9340978378140105,0.984,0.6272931776493981,0.9994043676750961,0.6319111952081186
3,complete,0.6909436849978989,0.7264672163322454,0.873,0.6006670612655105,0.9855410902280654,0.6154524207593595
3,average,0.9528512768141685,0.9329480214143628,0.984,0.6277778213681685,1.0,0.6320363719667043
