n_clusters,linkage,adjusted_rand_score,adjusted_mutual_info_score,purity_score,silhouette_score,calinski_harabasz_score,davies_bouldin_score
2,ward,0.012510287329588149,0.009609167416924667,0.558,0.32985174417893637,0.9946658785996509,0.010460561038665772
2,complete,-9.994377200901759e-05,-7.245348660192144e-05,0.515,0.33544990403422686,1.0,0.0
2,average,-0.0008476830746726248,-0.0006952646832096237,0.504,0.30580747264379704,0.9711719237908085,0.000837522459579465
