n_clusters,linkage,adjusted_rand_score,adjusted_mutual_info_score,purity_score,silhouette_score,calinski_harabasz_score,davies_bouldin_score
3,ward,0.9703766159240391,0.9533861830106706,0.99,0.6504935535217173,1.0,0.670354502989748
3,complete,0.9360574960901344,0.921714324329915,0.978,0.6397050738323622,0.9948475571523576,0.6649943789332301
3,average,0.9645613288567468,0.9465934520066882,0.988,0.649988974591643,0.9997707426117592,0.6699586792915995
