n_clusters,linkage,adjusted_rand_score,adjusted_mutual_info_score,purity_score,silhouette_score,calinski_harabasz_score,davies_bouldin_score
15,ward,0.9117898350904428,0.9348859446367503,0.957,0.6075939207380119,0.999092078235854,0.2522768015911203
15,complete,0.7985913054938738,0.8858090849171274,0.8582,0.49895799173524064,0.9565184968956758,0.0
15,average,0.9491591041875233,0.9592955765416158,0.9754,0.6091772373449134,1.0,0.25571149222094136
