n_clusters,linkage,adjusted_rand_score,adjusted_mutual_info_score,purity_score,silhouette_score,calinski_harabasz_score,davies_bouldin_score
4,ward,0.9958742561180184,0.9929674963585574,0.9988412514484357,0.6163819939003405,1.0,0.2883409044601023
4,complete,0.3942183962338395,0.6545590500302904,0.6593279258400927,0.49642104093932676,0.8465144679790502,0.0
4,average,0.8513551860230312,0.8639924562162041,0.8980301274623407,0.5719644660231796,0.9324188208517099,0.11254220766699774
