n_clusters,threshold,branching_factor,adjusted_rand_score,adjusted_mutual_info_score,purity_score,silhouette_score,calinski_harabasz_score,davies_bouldin_score
6,0.3,30,0.5233611091548764,0.7179973101947285,0.8270676691729323,0.39582791360416714,0.9952761936483349,0.0
6,0.3,50,0.5353816450751624,0.7238889123585522,0.8270676691729323,0.4116809462645911,1.0,0.029113634324162696
6,0.3,70,0.5238124827197839,0.7181867068637069,0.8270676691729323,0.3990726297080307,0.9961711877795905,0.008557278687126857
6,0.5,30,0.80867330443137,0.8198942878309965,0.8822055137844611,0.4532797075016967,0.9631889509627535,0.20306924137655902
6,0.5,50,0.80867330443137,0.8198942878309965,0.8822055137844611,0.4532797075016967,0.9631889509627535,0.20306924137655902
6,0.5,70,0.80867330443137,0.8198942878309967,0.8822055137844611,0.4532797075016967,0.9631889509627535,0.20306924137655902
6,0.7,30,0.8438836156497957,0.8539582850691158,0.9172932330827067,0.4607761720642744,0.9679399718640102,0.12091123734775899
6,0.7,50,0.8217345377112055,0.8386259802264181,0.8972431077694235,0.46832826514417075,0.9685428937876543,0.2503688889838075
6,0.7,70,0.8217345377112055,0.8386259802264181,0.8972431077694235,0.46832826514417075,0.9685428937876543,0.2503688889838075
