n_clusters,threshold,branching_factor,adjusted_rand_score,adjusted_mutual_info_score,purity_score,silhouette_score,calinski_harabasz_score,davies_bouldin_score
3,0.3,30,-0.0010820038822306154,-0.00179377871741575,0.3685897435897436,0.3165691056406732,0.9731821133914909,0.08434559257969165
3,0.3,50,0.005279729341460513,0.005049778871505281,0.40064102564102566,0.3325884050679115,0.9920166604874258,0.118053260427882
3,0.3,70,-0.0010876154381671609,-0.0015875578712643726,0.3685897435897436,0.33005927547454644,0.9935098800365627,0.11114078000567207
3,0.5,30,-0.004870959006967352,-0.0053962167834992695,0.34935897435897434,0.3143394392265455,0.975213621964238,0.10740787004636942
3,0.5,50,0.016597500231726767,0.014200082833889438,0.4326923076923077,0.34075091917669703,1.0,0.1082703832651224
3,0.5,70,0.013408000718766269,0.011272664487923955,0.41346153846153844,0.33788094922264966,0.9945071354760756,0.09661312643887754
3,0.7,30,0.0016599539531853046,0.0026461754959478867,0.3782051282051282,0.29069015690414524,0.957206019765095,0.08131072454402732
3,0.7,50,0.020377372261051904,0.023275382048968795,0.3942307692307692,0.3383978333558692,0.9969206609479949,0.07687995952224069
3,0.7,70,0.03899506946234993,0.03877901031661481,0.42948717948717946,0.30215687753220827,0.9660830585333714,0.0
