n_clusters,threshold,branching_factor,adjusted_rand_score,adjusted_mutual_info_score,purity_score,silhouette_score,calinski_harabasz_score,davies_bouldin_score
4,0.3,30,0.9608835294483697,0.9375335498675419,0.9779837775202781,0.6094903162183066,1.0,0.39150294039111044
4,0.3,50,0.9571286907014921,0.9318916238327486,0.9768250289687138,0.6066137425017838,0.9986324748951512,0.3904739824279271
4,0.3,70,0.9571286907014921,0.9318916238327486,0.9768250289687138,0.6066137425017838,0.9986324748951512,0.3904739824279271
4,0.5,30,0.8502969113846951,0.8574265065392294,0.899188876013905,0.5791525950419448,0.9505549874298718,0.1969062837932175
4,0.5,50,0.3937274463558668,0.6532357937202466,0.6593279258400927,0.4809089006132649,0.8540399040762654,0.24734745573061467
4,0.5,70,0.45716108788237925,0.6894173559813708,0.7949015063731171,0.4237474434614843,0.9318394909376244,0.0
4,0.7,30,0.39277909545641443,0.6508265874899496,0.6593279258400927,0.4980551416770709,0.8559215633552084,0.20160118272207317
4,0.7,50,0.39277909545641443,0.6508265874899496,0.6593279258400927,0.4980551416770709,0.8559215633552084,0.20160118272207317
4,0.7,70,0.39277909545641443,0.6508265874899496,0.6593279258400927,0.4980551416770709,0.8559215633552084,0.20160118272207317
