n_clusters,threshold,branching_factor,adjusted_rand_score,adjusted_mutual_info_score,purity_score,silhouette_score,calinski_harabasz_score,davies_bouldin_score
9,0.3,30,1.0,1.0,1.0,0.8374016743635769,1.0,0.5843141232302203
9,0.3,50,1.0,1.0,1.0,0.8374016743635769,1.0,0.5843141232302203
9,0.3,70,1.0,1.0,1.0,0.8374016743635769,1.0,0.5843141232302203
9,0.5,30,0.9453085731013614,0.9652539168260279,0.968561872909699,0.7794979396915002,0.9774015231134381,0.22773205952352926
9,0.5,50,1.0,1.0,1.0,0.8374016743635769,1.0,0.5843141232302203
9,0.5,70,1.0,1.0,1.0,0.8374016743635769,1.0,0.5843141232302203
9,0.7,30,0.9148484675942288,0.9554154333310003,0.968561872909699,0.7341928306121028,0.9550882440227924,0.10874385671250442
9,0.7,50,0.9436919923971314,0.9638803182989458,0.968561872909699,0.7455630762101653,0.9630659130438165,0.0
9,0.7,70,0.9361749353519419,0.9617121416684097,0.968561872909699,0.7689884044944048,0.9756012013030783,0.2309450266693579
