n_clusters,threshold,branching_factor,adjusted_rand_score,adjusted_mutual_info_score,purity_score,silhouette_score,calinski_harabasz_score,davies_bouldin_score
15,0.3,30,0.9117898350904428,0.9348859446367503,0.957,0.6075939207380119,1.0,0.0
15,0.3,50,0.9117898350904428,0.9348859446367503,0.957,0.6075939207380119,1.0,0.0
15,0.3,70,0.9117898350904428,0.9348859446367503,0.957,0.6075939207380119,1.0,0.0
15,0.5,30,0.9117898350904428,0.9348859446367503,0.957,0.6075939207380119,1.0,0.0
15,0.5,50,0.9117898350904428,0.9348859446367503,0.957,0.6075939207380119,1.0,0.0
15,0.5,70,0.9117898350904428,0.9348859446367503,0.957,0.6075939207380119,1.0,0.0
15,0.7,30,0.9117898350904428,0.9348859446367503,0.957,0.6075939207380119,1.0,0.0
15,0.7,50,0.9117898350904428,0.9348859446367503,0.957,0.6075939207380119,1.0,0.0
15,0.7,70,0.9117898350904428,0.9348859446367503,0.957,0.6075939207380119,1.0,0.0
