n_clusters,threshold,branching_factor,adjusted_rand_score,adjusted_mutual_info_score,purity_score,silhouette_score,calinski_harabasz_score,davies_bouldin_score
20,0.3,30,0.8726604218905014,0.9417715070264132,0.9083717864205669,0.6053994406195259,1.0,0.1485396624254972
20,0.3,50,0.8387451290164635,0.9368826657612797,0.8866183256427159,0.5850200880113899,0.9825088844936251,0.07673260533660464
20,0.3,70,0.832297387812677,0.9373584374518955,0.8773895847066578,0.5604930434910087,0.9724492909511772,0.033843932866210014
20,0.5,30,0.7811880884569966,0.91715984695463,0.8332234673698088,0.49851322692252475,0.9329028277132241,0.0
20,0.5,50,0.7991420434381902,0.9237768461310853,0.8431114040870138,0.5426069077862019,0.9615199480485793,0.01203949121548753
20,0.5,70,0.8093092025590297,0.9240556177290871,0.8642056690837179,0.5352968160024882,0.9420525215256932,0.061907270864749675
20,0.7,30,0.8390083232155485,0.9324891787083526,0.8655240606460118,0.5751959933032826,0.9762380879117861,0.033121907043161536
20,0.7,50,0.8168012635808818,0.9273508114735135,0.8655240606460118,0.5585085420512143,0.97738198601045,0.02159799932035411
20,0.7,70,0.8168012635808818,0.9273508114735135,0.8655240606460118,0.5585085420512143,0.97738198601045,0.02159799932035411
