n_clusters,threshold,branching_factor,adjusted_rand_score,adjusted_mutual_info_score,purity_score,silhouette_score,calinski_harabasz_score,davies_bouldin_score
15,0.3,30,0.988135350714293,0.989285680355119,0.9944,0.7085450839314958,1.0,0.0
15,0.3,50,0.988135350714293,0.989285680355119,0.9944,0.7085450839314958,1.0,0.0
15,0.3,70,0.988135350714293,0.989285680355119,0.9944,0.7085450839314958,1.0,0.0
15,0.5,30,0.988135350714293,0.989285680355119,0.9944,0.7085450839314958,1.0,0.0
15,0.5,50,0.988135350714293,0.989285680355119,0.9944,0.7085450839314958,1.0,0.0
15,0.5,70,0.988135350714293,0.989285680355119,0.9944,0.7085450839314958,1.0,0.0
15,0.7,30,0.988135350714293,0.989285680355119,0.9944,0.7085450839314958,1.0,0.0
15,0.7,50,0.988135350714293,0.989285680355119,0.9944,0.7085450839314958,1.0,0.0
15,0.7,70,0.988135350714293,0.989285680355119,0.9944,0.7085450839314958,1.0,0.0
