maximum_clusters,threshold,adjusted_rand_score,adjusted_mutual_info_score,purity_score,silhouette_score,calinski_harabasz_score,davies_bouldin_score,norm_davies_bouldin_score
3,0.01,0.3062808742393826,0.2691326910468118,0.82,0.17020395608514405,386.2684061132251,13.002884380064629,0.07141385823506918
3,0.05,0.3062808742393826,0.2691326910468118,0.82,0.17020395608514405,386.2684061132251,13.002884380064629,0.07141385823506918
3,0.1,0.331903444727559,0.2879084009840616,0.83,0.1859068096682467,440.24457050563836,6.452477567279893,0.13418356391846123
3,0.2,0.331903444727559,0.2879084009840616,0.83,0.1859068096682467,440.24457050563836,6.452477567279893,0.13418356391846123
3,0.4,0.3378931923546439,0.29245349062331627,0.834,0.18927090879748232,444.4380523022001,7.43170292324803,0.11860000394971029
3,0.7,0.2952306267402703,0.22498693467615843,0.772,0.3207944786898766,557.5662787000408,1.222198419953111,0.45000482001112224
