n_clusters,embedding_size,adjusted_rand_score,adjusted_mutual_info_score,purity_score,silhouette_score,calinski_harabasz_score,davies_bouldin_score,norm_davies_bouldin_score
3,2,-0.005763203794314294,-0.005603140421194433,0.34935897435897434,0.3462372302990877,220.6803162326861,0.8963519213550818,0.5273282816015643
3,5,-0.003088335737178038,-0.003110699654735851,0.3685897435897436,0.363245130089135,230.35640963589563,0.8939832897977444,0.5279877628206469
3,10,-0.0028611545145671813,-0.002891557943091165,0.36538461538461536,0.34333468759516167,213.93040212498082,0.8876584863358019,0.5297568427968843
