n_clusters,embedding_size,adjusted_rand_score,adjusted_mutual_info_score,purity_score,silhouette_score,calinski_harabasz_score,davies_bouldin_score,norm_davies_bouldin_score
2,10,-0.03477739469344926,0.0513954556340846,0.6410256410256411,0.2653450370184898,67.85995105179504,1.5490470825881393,0.392303463843698
2,20,0.010694184815372067,5.909305804083521e-05,0.6410256410256411,0.26414862138530604,85.16524482868113,1.6828551847350182,0.3727372262542633
2,30,-0.04338894681960375,0.0876326109358927,0.6410256410256411,0.2545636311799777,60.716626277381565,1.3894954583633456,0.4184983890636633
2,40,-0.03444140618942515,0.043744214797904996,0.6410256410256411,0.2675493951788629,67.95527594539367,1.5564976852317738,0.39116014294741647
