n_clusters,embedding_size,adjusted_rand_score,adjusted_mutual_info_score,purity_score,silhouette_score,calinski_harabasz_score,davies_bouldin_score,norm_davies_bouldin_score
15,2,0.9420901060066293,0.9539976512462326,0.9718,0.6214473761516017,13216.188400696394,0.47187222254419986,0.6794068022232619
15,5,0.9120126786479271,0.9349298744075134,0.9556,0.6083380186666683,12446.353496541786,0.4964203564127024,0.668261425150118
15,10,0.8823568879873666,0.9429092331968267,0.919,0.5845813003506497,11080.788836630225,0.5899784278568364,0.6289393506727761
