ratio,adjusted_rand_score,adjusted_mutual_info_score,purity_score,silhouette_score,calinski_harabasz_score,davies_bouldin_score,norm_davies_bouldin_score
0.01,0.023596635961625135,0.26579597691524837,0.993,0.012339647041278566,531.8707708992931,0.911309874402795,0.5232013988900981
0.05,0.15100992692344245,0.48030588890326525,0.988,0.23131318637585013,1182.0036377325907,0.9810469550500042,0.5047835930646878
0.1,0.7881986648216893,0.8201820294294172,0.988,0.36081658471252304,1881.8851977650556,0.9538257694883157,0.5118163633709716
0.2,0.9645159202322215,0.9437389612702035,0.988,0.6501661735409688,3011.7279597738293,0.491180837713138,0.6706094758658456
