n_clusters,embedding_size,adjusted_rand_score,adjusted_mutual_info_score,purity_score,silhouette_score,calinski_harabasz_score,davies_bouldin_score,norm_davies_bouldin_score
2,10,0.1279558143964074,0.09051285765380074,0.6809116809116809,0.282997325043949,105.73899704384198,1.6079267380911695,0.38344635429902224
2,20,0.15432169892139133,0.11694546478807205,0.698005698005698,0.2833833597742594,107.34150783691983,1.5850938745337808,0.3868331474733578
2,30,0.14539925554458968,0.1096411278089664,0.6923076923076923,0.27502698950201565,98.17945124918313,1.659528419884333,0.37600651022315135
2,40,0.1408678659117102,0.10321842230560492,0.6894586894586895,0.28387435039642234,106.69107293592899,1.5973309480391709,0.38501062051986096
