n_clusters,embedding_size,adjusted_rand_score,adjusted_mutual_info_score,purity_score,silhouette_score,calinski_harabasz_score,davies_bouldin_score,norm_davies_bouldin_score
3,2,-0.0008205255268097185,-0.0006217964808058668,0.3717948717948718,0.3265525909650562,194.64193309294083,0.906500638124923,0.5245211986834254
3,5,-0.003639548663949841,-0.003708945622639733,0.3557692307692308,0.33455398057274083,200.82181510728913,0.9252488978157368,0.5194133605969262
3,10,-0.0027685446516501773,-0.0026692149671484144,0.358974358974359,0.35799938374481105,225.5564689268565,0.9030215302562267,0.5254801294157496
