n_clusters,embedding_size,adjusted_rand_score,adjusted_mutual_info_score,purity_score,silhouette_score,calinski_harabasz_score,davies_bouldin_score,norm_davies_bouldin_score
3,2,0.4495630970215966,0.5154393630492758,0.677,0.33534758488520855,1341.2267505181717,0.8016408106242543,0.5550495937386698
3,5,0.9355855519675884,0.9123752897907106,0.978,0.6325093496935794,3360.866422504356,0.5770281198190044,0.6341041021606958
3,10,0.8937166537820724,0.8700218310336361,0.963,0.6344742289888491,3422.241340584179,0.5715657903148403,0.6363080732367332
