n_clusters,embedding_size,adjusted_rand_score,adjusted_mutual_info_score,purity_score,silhouette_score,calinski_harabasz_score,davies_bouldin_score,norm_davies_bouldin_score
2,2,-0.0009859237844698173,-0.0007114196073972521,0.502,0.3483037552647506,550.9906693463213,1.2059747821123403,0.453314338907558
2,5,-0.000985843545128787,-0.0007114393433885964,0.502,0.3530296429638688,575.9939361157565,1.1827066070665406,0.45814677829923967
2,10,-0.0006759106289515537,-0.0004889560969567506,0.509,0.35982279704496317,604.2857713460704,1.1561951445851482,0.4637799145922852
