n_clusters,embedding_size,adjusted_rand_score,adjusted_mutual_info_score,purity_score,silhouette_score,calinski_harabasz_score,davies_bouldin_score,norm_davies_bouldin_score
15,2,0.271442137113088,0.5611233051796721,0.2894,-0.022242838883080696,867.7547666082404,6.076109267786359,0.14132059895576388
15,5,0.37652411501387,0.6803308768759083,0.3488,0.0024802516101618496,1349.455558479112,4.281468946547828,0.18934126284196723
15,10,0.3248639862046384,0.6154105293235465,0.2846,-0.037631814427885775,1206.1117957754468,8.778289517174697,0.10226737490678599
