max_n_leaf_nodes,adjusted_rand_score,adjusted_mutual_info_score,purity_score,silhouette_score,calinski_harabasz_score,davies_bouldin_score,norm_davies_bouldin_score
5,0.8452603281230398,0.8534247908419323,0.988,0.3139178738743162,1761.473583863981,0.9936572350579669,0.5015907360679903
10,0.5274285816603035,0.6887850731510399,0.992,0.265071164120043,1280.0995148106688,1.2969261533871164,0.4353644537180135
20,0.2444417027189648,0.5425911838583893,0.982,0.2824416467491263,1305.701944571941,0.9490132877651443,0.5130801345878252
50,0.11970951493631324,0.4515878062508471,0.993,0.2894544831183581,1295.7831629070001,0.9854280704803803,0.5036697198292592
100,0.13371522572866362,0.4610392305134493,0.991,0.3077843247493965,1317.3333927835113,1.0744989759972845,0.48204410393563335
