n_clusters_init,embedding_size,dip_merge_threshold,adjusted_rand_score,adjusted_mutual_info_score,purity_score,silhouette_score,calinski_harabasz_score,davies_bouldin_score,norm_davies_bouldin_score
9,2,0.5,0.8950829099138524,0.9479478909687469,0.9234113712374582,0.7684368273517657,21142.22296968002,0.28815282574145706,0.7763054041545131
9,5,0.5,0.9595581651913527,0.9788828913236451,0.968561872909699,0.8004163121554216,31765.261233102872,0.26312735150667405,0.7916858096748419
9,10,0.5,0.9992389052929912,0.9988618584930548,0.9996655518394649,0.8367230969355118,47663.36759541558,0.2286733942675044,0.8138859396366827
