n_clusters_init,embedding_size,dip_merge_threshold,adjusted_rand_score,adjusted_mutual_info_score,purity_score,silhouette_score,calinski_harabasz_score,davies_bouldin_score,norm_davies_bouldin_score
3,10,0.5,0.9650516223023584,0.9465811497911724,0.9887640449438202,0.29779142380144424,81.97370801494777,1.3129630957231015,0.4323458518854449
3,20,0.5,0.9309937676646919,0.9005204087342703,0.9775280898876404,0.296230465402139,81.44051761919339,1.3133067844137105,0.43228161813109545
3,30,0.5,0.4847385885049859,0.643613225290482,0.6573033707865169,0.29666794582183303,75.7500044236631,1.246357607236749,0.44516509605525495
3,40,0.5,0.9486690649426885,0.9274406769059862,0.9831460674157303,0.29740965818528214,81.74793440764547,1.310914445184575,0.4327291311384438
