n_clusters_init,embedding_size,dip_merge_threshold,adjusted_rand_score,adjusted_mutual_info_score,purity_score,silhouette_score,calinski_harabasz_score,davies_bouldin_score,norm_davies_bouldin_score
2,2,0.5,-0.0006617610159139392,-0.00048810910894570074,0.509,0.3515106444172348,574.6206703789956,1.1683988306390167,0.4611697746144351
2,5,0.5,-0.0009654824977018749,-0.0006970762177530374,0.503,0.35361872887144463,577.4295209564478,1.1810194212156337,0.4585011899814401
2,10,0.5,-0.00020278665317855133,-0.0001494590785559316,0.514,0.35185703142494845,574.9072577672683,1.1704582547354887,0.4607321969073618
