n_clusters,embedding_size,adjusted_rand_score,adjusted_mutual_info_score,purity_score,silhouette_score,calinski_harabasz_score,davies_bouldin_score,norm_davies_bouldin_score
2,10,0.6842949745152308,0.5946769332099923,0.9138840070298769,0.32695201376238203,322.46380978235067,1.2196796160365728,0.45051546753652005
2,20,0.7436728391770422,0.6430745896822346,0.9314586994727593,0.33963444569998025,333.6025228709203,1.2002555990300032,0.45449265096330466
2,30,0.4195546378883452,0.3600438307254877,0.8242530755711776,0.2856907119596664,270.3284496506807,1.3111660798308873,0.4326820165486212
2,40,0.04890077290430417,0.23312878357508085,0.6274165202108963,0.11957068188067857,120.46262785095192,1.5730061402297566,0.3886504522335516
