n_clusters,embedding_size,adjusted_rand_score,adjusted_mutual_info_score,purity_score,silhouette_score,calinski_harabasz_score,davies_bouldin_score,norm_davies_bouldin_score
7,10,0.44724172123175515,0.6386642291762361,0.6502164502164502,0.20567984712114368,1053.114822076181,1.8017110723099103,0.35692474141365904
7,20,0.48391984691185413,0.655328704329567,0.6796536796536796,0.22638997269773525,1173.4047968977814,1.7163946750269397,0.36813501704794893
7,30,0.5078103805770924,0.6182584520190428,0.6796536796536796,0.3042188309794331,1284.6191316944255,1.304030410233668,0.4340220491701683
7,40,0.45468877415236436,0.6006457148630051,0.6056277056277056,0.249083588981721,1067.418264278749,1.7602336662477611,0.362288168653269
