n_clusters,embedding_size,adjusted_rand_score,adjusted_mutual_info_score,purity_score,silhouette_score,calinski_harabasz_score,davies_bouldin_score,norm_davies_bouldin_score
3,10,0.9326604429728369,0.9011549874610104,0.9775280898876404,0.2977780720820179,81.93674152538625,1.3187367621695485,0.431269308493794
3,20,0.8185226231289698,0.8059821447004646,0.9382022471910112,0.29515058068561745,80.85658551206181,1.3273361564483541,0.42967578930499506
3,30,0.8185226231289698,0.8059821447004646,0.9382022471910112,0.29515058068561745,80.85658551206181,1.3273361564483541,0.42967578930499506
3,40,0.86494782721085,0.8449867619291619,0.9550561797752809,0.2950728692559146,80.83930985289948,1.3260258656228252,0.4299178331502501
