n_clusters,embedding_size,adjusted_rand_score,adjusted_mutual_info_score,purity_score,silhouette_score,calinski_harabasz_score,davies_bouldin_score,norm_davies_bouldin_score
8,2,0.8983481346670668,0.9188250504140709,0.9826153846153847,0.64829659182275,31744.869811647917,0.8152892710841411,0.5508763897462867
8,5,0.999953890467522,0.9987730358093121,0.9996923076923077,0.8321470675896792,71991.46602472359,0.361859227745245,0.7342902846541963
8,10,0.8761397409677915,0.9077613222899049,0.9776923076923076,0.6775922097132006,30687.48438159684,0.6763600832567068,0.5965305485306445
