n_clusters,embedding_size,adjusted_rand_score,adjusted_mutual_info_score,purity_score,silhouette_score,calinski_harabasz_score,davies_bouldin_score,norm_davies_bouldin_score
8,10,0.4232714417839965,0.5468441892926786,0.7946428571428571,0.18755436779855542,127.57057455632322,1.260410873101732,0.4423974472516148
8,20,0.5009591596050085,0.6025811120827425,0.8422619047619048,0.2265764283956456,138.93510816718805,1.3064312913676692,0.4335702536393439
8,30,0.48354645905823673,0.5991388799501836,0.8452380952380952,0.22166312115155687,141.90991429242976,1.3907268541891284,0.418282832372824
8,40,0.5223540506687764,0.6171730769636596,0.8511904761904762,0.15324549271157484,113.19514031646095,1.4974768460208934,0.40040411249187385
