n_clusters,embedding_size,adjusted_rand_score,adjusted_mutual_info_score,purity_score,silhouette_score,calinski_harabasz_score,davies_bouldin_score,norm_davies_bouldin_score
10,2,0.3541929651897473,0.5374938936256483,0.6062231759656652,0.23667218648365318,1852.831458861583,0.9216215078109238,0.520393842354097
10,5,0.42999402672403064,0.5806793248539089,0.6183834048640916,0.09986659468888241,766.1042509071592,2.3599896896487644,0.2976199608828367
10,10,0.45534326335141206,0.5995248060415523,0.6369814020028612,0.20182997672210395,1335.4127471470238,1.2952501274193915,0.4356823633528453
