n_clusters,dip_threshold,adjusted_rand_score,adjusted_mutual_info_score,purity_score,silhouette_score,calinski_harabasz_score,davies_bouldin_score,norm_davies_bouldin_score
7,0.1,0.7652819675538726,0.8807821268573549,0.9416243654822335,0.4483972290010957,1236.2896358012645,0.8348058838543022,0.5450167828649757
7,0.25,0.7652819675538726,0.8807821268573549,0.9416243654822335,0.4483972290010957,1236.2896358012645,0.8348058838543022,0.5450167828649757
7,0.5,0.7652819675538726,0.8807821268573549,0.9416243654822335,0.4483972290010957,1236.2896358012645,0.8348058838543022,0.5450167828649757
7,0.75,0.7652819675538726,0.8807821268573549,0.9416243654822335,0.4483972290010957,1236.2896358012645,0.8348058838543022,0.5450167828649757
7,1.0,0.3026734284042092,0.541158733800074,0.633248730964467,0.00916982201999758,160.45475017103763,3.4608216827429397,0.2241739462190527
