n_clusters,dip_threshold,adjusted_rand_score,adjusted_mutual_info_score,purity_score,silhouette_score,calinski_harabasz_score,davies_bouldin_score,norm_davies_bouldin_score
10,0.1,0.18860499185451204,0.32972239916819085,0.45350500715307585,0.13031759712170257,683.958129231126,2.3855759229357316,0.29537072059895525
10,0.25,0.18778331880816557,0.3084866410938303,0.4177396280400572,0.06356598323363243,426.158638464613,3.025033074885889,0.24844516340486228
10,0.5,0.18778331880816557,0.3084866410938303,0.4177396280400572,0.06356598323363243,426.158638464613,3.025033074885889,0.24844516340486228
10,0.75,0.18778331880816557,0.3084866410938303,0.4177396280400572,0.06356598323363243,426.158638464613,3.025033074885889,0.24844516340486228
10,1.0,0.18778331880816557,0.3084866410938303,0.4177396280400572,0.06356598323363243,426.158638464613,3.025033074885889,0.24844516340486228
