n_clusters,dip_threshold,adjusted_rand_score,adjusted_mutual_info_score,purity_score,silhouette_score,calinski_harabasz_score,davies_bouldin_score
6,0.1,0.18620851349565135,0.2776171308599449,0.5654205607476636,0.10549182719992449,1.0,0.29904723318907955
6,0.25,0.2132430200661048,0.29390418740474095,0.5887850467289719,0.08910663342981995,0.9922149020141066,0.28433282101912805
6,0.5,0.14215478533918197,0.2386449857535991,0.4672897196261682,0.06006078939017511,0.9683303425288199,0.19873640675811605
6,0.75,0.14215478533918197,0.2386449857535991,0.4672897196261682,0.06006078939017511,0.9683303425288199,0.19873640675811605
6,1.0,0.12970142787337413,0.2313017574769777,0.4672897196261682,0.016273892468398412,0.9550853344754081,0.17886105884681586
