n_clusters,dip_threshold,adjusted_rand_score,adjusted_mutual_info_score,purity_score,silhouette_score,calinski_harabasz_score,davies_bouldin_score,norm_davies_bouldin_score
4,0.1,0.5558978048169104,0.682161758911439,0.8794901506373117,0.25725348585077545,310.1866339614169,2.156395660721069,0.31681706208262655
4,0.25,0.5615829065837766,0.6788078493511219,0.8794901506373117,0.25437858486244946,281.64858247592196,2.2238812561017607,0.31018512177125773
4,0.5,0.5615829065837766,0.6788078493511219,0.8794901506373117,0.25437858486244946,281.64858247592196,2.2238812561017607,0.31018512177125773
4,0.75,0.5615829065837766,0.6788078493511219,0.8794901506373117,0.25437858486244946,281.64858247592196,2.2238812561017607,0.31018512177125773
4,1.0,0.5615829065837766,0.6788078493511219,0.8794901506373117,0.25437858486244946,281.64858247592196,2.2238812561017607,0.31018512177125773
