n_clusters,dip_threshold,adjusted_rand_score,adjusted_mutual_info_score,purity_score,silhouette_score,calinski_harabasz_score,davies_bouldin_score
2,0.1,0.5036031082019915,0.4023867337732909,0.855,0.5015767062849928,1.0,0.5546632957605839
2,0.25,0.5036031082019915,0.4023867337732909,0.855,0.5015767062849928,1.0,0.5546632957605839
2,0.5,0.5036031082019915,0.4023867337732909,0.855,0.5015767062849928,1.0,0.5546632957605839
2,0.75,0.5036031082019915,0.4023867337732909,0.855,0.5015767062849928,1.0,0.5546632957605839
2,1.0,0.43503461385885656,0.3419940517535762,0.83,0.4206888686480379,0.9311222369042172,0.5066231955195853
