n_clusters,dip_threshold,adjusted_rand_score,adjusted_mutual_info_score,purity_score,silhouette_score,calinski_harabasz_score,davies_bouldin_score
10,0.1,0.15142473246080815,0.25230179795022356,0.5397574123989218,0.1162315949719444,1.0,0.31121769346545464
10,0.25,0.15142473246080815,0.25230179795022356,0.5397574123989218,0.1162315949719444,1.0,0.31121769346545464
10,0.5,0.11510225096004222,0.19789596322502462,0.5161725067385444,0.06091719425072157,0.8849736970334539,0.26359197951488417
10,0.75,0.009598987863772682,0.04084963516632788,0.38140161725067384,0.005618334035991362,0.7087287750549071,0.14595128290403378
10,1.0,0.0030504858584808996,0.014204095402973066,0.33490566037735847,-0.03040550267866292,0.5303491902000044,0.07958866453803903
