n_clusters,dip_threshold,adjusted_rand_score,adjusted_mutual_info_score,purity_score,silhouette_score,calinski_harabasz_score,davies_bouldin_score
2,0.1,0.7417802445689579,0.6725156496270847,0.9314586994727593,0.37759809755459267,0.9930464187141532,0.46703744959042137
2,0.25,0.7417802445689579,0.6725156496270847,0.9314586994727593,0.37759809755459267,0.9930464187141532,0.46703744959042137
2,0.5,0.7417802445689579,0.6725156496270847,0.9314586994727593,0.37759809755459267,0.9930464187141532,0.46703744959042137
2,0.75,0.7862053988928671,0.6767682936923244,0.9437609841827768,0.33927746331951636,0.9709983134222961,0.44637942622635673
2,1.0,0.636459184029275,0.5141819946684973,0.8998242530755711,0.3814477173781135,1.0,0.4637232353537803
