n_clusters,dip_threshold,adjusted_rand_score,adjusted_mutual_info_score,purity_score,silhouette_score,calinski_harabasz_score,davies_bouldin_score,norm_davies_bouldin_score
8,0.1,0.3727103209085691,0.5104837286880859,0.7619047619047619,0.11378557130209159,70.84445131375257,2.6021834822484298,0.27760940133338646
8,0.25,0.3727103209085691,0.5104837286880859,0.7619047619047619,0.11378557130209159,70.84445131375257,2.6021834822484298,0.27760940133338646
8,0.5,0.3596869851093307,0.49894774335116737,0.7559523809523809,0.09168781920421663,68.32923175558784,2.6765533595838864,0.2719938763824117
8,0.75,0.35386310164141066,0.4948689187289394,0.7589285714285714,0.07095667408626301,64.24390523886935,2.9221932346644244,0.25495939138387663
8,1.0,0.35386310164141066,0.4948689187289394,0.7589285714285714,0.07095667408626301,64.24390523886935,2.9221932346644244,0.25495939138387663
