n_clusters,dip_threshold,adjusted_rand_score,adjusted_mutual_info_score,purity_score,silhouette_score,calinski_harabasz_score,davies_bouldin_score,norm_davies_bouldin_score
2,0.1,-0.004435668131396444,-0.0036330995051224186,0.5336538461538461,0.15368368206019578,39.88277385240392,2.0540593729652503,0.3274330580643162
2,0.25,-0.004435668131396444,-0.0036330995051224186,0.5336538461538461,0.15368368206019578,39.88277385240392,2.0540593729652503,0.3274330580643162
2,0.5,-0.004712729496224503,-0.00353948712454478,0.5336538461538461,0.15299864752361197,39.70316217108617,2.049088802268549,0.32796683365075857
2,0.75,-0.00470929567802424,-0.003529689870849347,0.5336538461538461,0.14743078645420346,37.3887278093256,2.0906651231311133,0.32355495020014097
2,1.0,-0.00470929567802424,-0.003529689870849347,0.5336538461538461,0.14743078645420346,37.3887278093256,2.0906651231311133,0.32355495020014097
