n_clusters,dip_threshold,adjusted_rand_score,adjusted_mutual_info_score,purity_score,silhouette_score,calinski_harabasz_score,davies_bouldin_score
3,0.1,0.7572928128519931,0.7593094952044,0.9157303370786517,0.2866973176652823,1.0,0.4281796008484509
3,0.25,0.7572928128519931,0.7593094952044,0.9157303370786517,0.2866973176652823,1.0,0.4281796008484509
3,0.5,0.7127208668706655,0.7046018370133253,0.898876404494382,0.2723056670056172,0.9909492755850158,0.4219454499138277
3,0.75,0.4417654534430631,0.5009277484369776,0.7584269662921348,0.17494199913155403,0.916733732654038,0.3419369521641663
3,1.0,0.4417654534430631,0.5009277484369776,0.7584269662921348,0.17494199913155403,0.916733732654038,0.3419369521641663
