n_clusters,dip_threshold,adjusted_rand_score,adjusted_mutual_info_score,purity_score,silhouette_score,calinski_harabasz_score,davies_bouldin_score
2,0.1,-0.004712729496224503,-0.0035394871245448822,0.5336538461538461,0.15544218648148062,0.9990265029658497,0.3271073513020277
2,0.25,-0.004712729496224503,-0.0035394871245448822,0.5336538461538461,0.15544218648148062,0.9990265029658497,0.3271073513020277
2,0.5,-0.004807268452569732,-0.003300789056779732,0.5336538461538461,0.1554321590679175,1.0,0.32669238744364804
2,0.75,-0.00470929567802424,-0.003529689870849576,0.5336538461538461,0.14743078645420346,0.9836772099828756,0.32355495020014097
2,1.0,-0.00470929567802424,-0.003529689870849576,0.5336538461538461,0.14743078645420346,0.9836772099828756,0.32355495020014097
