n_clusters,dip_threshold,adjusted_rand_score,adjusted_mutual_info_score,purity_score,silhouette_score,calinski_harabasz_score,davies_bouldin_score,norm_davies_bouldin_score
15,0.1,0.9167792271686522,0.9679219154378814,0.9322,0.6673493933973358,14231.986293886333,0.43940529208764184,0.6947313626655143
15,0.25,0.9167792271686522,0.9679219154378814,0.9322,0.6673493933973358,14231.986293886333,0.43940529208764184,0.6947313626655143
15,0.5,0.9167792271686522,0.9679219154378814,0.9322,0.6673493933973358,14231.986293886333,0.43940529208764184,0.6947313626655143
15,0.75,0.9167792271686522,0.9679219154378814,0.9322,0.6673493933973358,14231.986293886333,0.43940529208764184,0.6947313626655143
15,1.0,0.4190469571435934,0.644887832707822,0.5756,0.033972536113291776,626.582967858456,5.558660260121328,0.15247016316431386
