n_clusters,dip_threshold,adjusted_rand_score,adjusted_mutual_info_score,purity_score,silhouette_score,calinski_harabasz_score,davies_bouldin_score
6,0.1,0.5355581664906967,0.6980583827157243,0.8320802005012531,0.2901764377931567,1.0,0.4150425274434699
6,0.25,0.5355581664906967,0.6980583827157243,0.8320802005012531,0.2901764377931567,1.0,0.4150425274434699
6,0.5,0.5355581664906967,0.6980583827157243,0.8320802005012531,0.2901764377931567,1.0,0.4150425274434699
6,0.75,0.2927681208447624,0.5055346677550743,0.6340852130325815,0.07460982167223976,0.7676336050564562,0.24667848746405932
6,1.0,0.2927681208447624,0.5055346677550743,0.6340852130325815,0.07460982167223976,0.7676336050564562,0.24667848746405932
