n_clusters,dip_threshold,adjusted_rand_score,adjusted_mutual_info_score,purity_score,silhouette_score,calinski_harabasz_score,davies_bouldin_score,norm_davies_bouldin_score
7,0.1,0.5005843980941491,0.6058066623545868,0.6359307359307359,0.29573026789677653,1178.1161134870867,1.5212047611686017,0.3966357732628153
7,0.25,0.5041694534226752,0.6087465737402862,0.638095238095238,0.2936048291098551,1174.9939034812885,1.5171720488015847,0.39727121571848695
7,0.5,0.5040816121753829,0.612758656929436,0.638961038961039,0.286877503591456,1158.7964585945574,1.5449386492688197,0.3929367807303754
7,0.75,0.48656432259290955,0.6030515452417551,0.6316017316017316,0.27059872626745923,1115.913941376346,1.6295393540517789,0.3802947457162525
7,1.0,0.3871331880982152,0.5221348011878353,0.5683982683982683,0.17170654531269086,857.533161834425,2.0198717315782493,0.33113989231502183
