n_clusters,dip_threshold,adjusted_rand_score,adjusted_mutual_info_score,purity_score,silhouette_score,calinski_harabasz_score,davies_bouldin_score
3,0.1,0.5202836224801696,0.5921160716516485,0.735,0.3293374941164733,1.0,0.34445051306324775
3,0.25,0.5129012830503249,0.5874693748362368,0.722,0.3224625639532132,0.9963942155320319,0.326555399495507
3,0.5,0.5129012830503249,0.5874693748362368,0.722,0.3224625639532132,0.9963942155320319,0.326555399495507
3,0.75,0.5129012830503249,0.5874693748362368,0.722,0.3224625639532132,0.9963942155320319,0.326555399495507
3,1.0,0.5129012830503249,0.5874693748362368,0.722,0.3224625639532132,0.9963942155320319,0.326555399495507
