n_clusters,dip_threshold,adjusted_rand_score,adjusted_mutual_info_score,purity_score,silhouette_score,calinski_harabasz_score,davies_bouldin_score,norm_davies_bouldin_score
6,0.1,0.18620851349565135,0.277617130859945,0.5654205607476636,0.10549182719992449,42.93140999065964,2.343953359259896,0.29904723318907955
6,0.25,0.2132430200661048,0.29390418740474095,0.5887850467289719,0.08910663342981995,41.65657449745269,2.5170051646367146,0.28433282101912805
6,0.5,0.14215478533918197,0.23864498575359938,0.4672897196261682,0.06006078939017511,37.97166998282233,4.031790683511297,0.19873640675811605
6,0.75,0.14215478533918197,0.23864498575359938,0.4672897196261682,0.06006078939017511,37.97166998282233,4.031790683511297,0.19873640675811605
6,1.0,0.12970142787337413,0.23130175747697818,0.4672897196261682,0.016273892468398412,36.06725675110442,4.590931902379277,0.17886105884681586
