n_clusters,embedding_size,adjusted_rand_score,adjusted_mutual_info_score,purity_score,silhouette_score,calinski_harabasz_score,davies_bouldin_score,norm_davies_bouldin_score
2,10,0.35000219016986756,0.3438345028121459,0.8031634446397188,0.39803866925355136,272.75005427023535,1.111250047300358,0.47365303852980073
2,20,0.4611268851476102,0.42277691601551787,0.843585237258348,0.39946067199827023,313.8289314609368,1.1186052143769554,0.4720086560789866
2,30,0.47130240721008726,0.4307642159742949,0.8471001757469244,0.39904048907540945,315.6624999913517,1.126190055609106,0.47032484107518896
2,40,0.4164178406518528,0.3877775062702399,0.827768014059754,0.4011615892891935,300.153990279428,1.1254896415672422,0.47047982753877093
