n_clusters,embedding_size,adjusted_rand_score,adjusted_mutual_info_score,purity_score,silhouette_score,calinski_harabasz_score,davies_bouldin_score,norm_davies_bouldin_score
10,10,0.008048361555817,0.04128153287448524,0.33490566037735847,0.02144157358687408,39.28396253095333,3.0457381059185247,0.24717368594301653
10,20,0.010437711989005507,0.045139529473370084,0.32075471698113206,0.4198034469748087,37.41114987825425,0.6628340715938542,0.60138291431657
10,30,0.043645788300687986,0.06903133374536474,0.32075471698113206,0.08869070612247568,51.94996952291711,1.5612387056225212,0.3904360799345898
10,40,0.010675692134514445,0.0457844457334272,0.32075471698113206,0.41670789722441964,36.739467538659504,1.0808158114958686,0.48058073880220775
