n_clusters,embedding_size,adjusted_rand_score,adjusted_mutual_info_score,purity_score,silhouette_score,calinski_harabasz_score,davies_bouldin_score,norm_davies_bouldin_score
15,2,0.9242121270727578,0.9747046341151883,0.9318,0.650088988195866,14515.105856403083,0.49719633099119426,0.6679150751978977
15,5,0.9953329939548725,0.9947426204932183,0.9978,0.7112279054537206,22613.483786144294,0.3651891923967275,0.7324992063879432
15,10,0.9970296136938656,0.996560642876797,0.9986,0.7113906147998044,22632.525798115457,0.3650198641147454,0.7325900716093453
