n_clusters,embedding_size,adjusted_rand_score,adjusted_mutual_info_score,purity_score,silhouette_score,calinski_harabasz_score,davies_bouldin_score,norm_davies_bouldin_score
2,2,-0.00031137040528905486,-0.00022919498662841645,0.513,0.3520236468405314,575.3764238359307,1.1703440079121452,0.4607564498321133
2,5,-0.000901225842456243,-0.0006508766235653917,0.505,0.36028942516172585,607.6018740984659,1.1535028444605475,0.46435973027493266
2,10,2.4625211021705778e-05,1.755996752656665e-05,0.516,0.3478125949373303,555.6020660052518,1.2037254156397,0.45377704177801065
