n_clusters,embedding_size,adjusted_rand_score,adjusted_mutual_info_score,purity_score,silhouette_score,calinski_harabasz_score,davies_bouldin_score,norm_davies_bouldin_score
3,2,0.5440286377830719,0.637117637568904,0.667,0.3527051283414196,1441.7425436957014,0.9065193395307959,0.524516053556585
3,5,0.3918316466922843,0.40433680793158533,0.653,0.19813117272042768,1042.6658543824592,0.9505943856680341,0.5126642460100811
3,10,0.4035440413449244,0.42088250562902985,0.654,0.18538888592158936,1025.5530687225028,0.8952250394315412,0.5276418257432599
