n_clusters,embedding_size,adjusted_rand_score,adjusted_mutual_info_score,purity_score,silhouette_score,calinski_harabasz_score,davies_bouldin_score,norm_davies_bouldin_score
6,10,0.15611428441081998,0.26601560859930096,0.5093457943925234,0.24081508827306625,45.11493984118573,2.222408298995432,0.3103269068391316
6,20,0.20765478974100587,0.34683386744338973,0.5373831775700935,0.23403944452124884,52.3634064625023,1.3480059829757518,0.42589329296880546
6,30,0.19718295425759935,0.35152279886273213,0.5514018691588785,0.29863875101497483,74.58060357437655,1.258779548098268,0.4427169534282038
6,40,0.16882003545562313,0.29341512378258156,0.5560747663551402,0.22526471858383104,57.52030681453817,1.6304618441954075,0.38016137820310225
