n_clusters,embedding_size,adjusted_rand_score,adjusted_mutual_info_score,purity_score,silhouette_score,calinski_harabasz_score,davies_bouldin_score,norm_davies_bouldin_score
15,2,0.6448094697934988,0.8338505343165434,0.6442,0.38521454775119446,2862.236686415147,2.387821948450083,0.2951748985679417
15,5,0.5622795717425093,0.780777073877615,0.5784,0.32366299206722016,2780.0353589024203,2.902031016187045,0.2562767942775534
15,10,0.7119397696465137,0.8892728836343032,0.7314,0.45248003145789834,3979.696172016783,2.168341556441139,0.31562253696007975
