n_clusters,init,max_iter,adjusted_rand_score,adjusted_mutual_info_score,purity_score,silhouette_score,calinski_harabasz_score,davies_bouldin_score
3,k-means++,300,0.841757106814983,0.8258987202606656,0.9433,0.6415037807553714,0.9999925484628895,0.6340656838765026
3,k-means++,500,0.8395486170140325,0.8246269653158805,0.9423999999999999,0.6414346295633425,0.9999941430850985,0.6339439787140537
3,random,300,0.840015874139722,0.8247617981377509,0.9425999999999999,0.6414475148695488,1.0,0.6340436756547226
3,random,500,0.8410503778754386,0.8256868284391154,0.943,0.6414702608118293,0.9999997562492705,0.6340765202421174
