n_clusters,init,max_iter,adjusted_rand_score,adjusted_mutual_info_score,purity_score,silhouette_score,calinski_harabasz_score,davies_bouldin_score
9,k-means++,300,0.9712197427937527,0.9804876106363858,0.9858193979933111,0.8023790500137155,0.9925472865202413,0.16243080300869228
9,k-means++,500,0.9794054412296488,0.9863760380092298,0.9920401337792641,0.8176558645623597,1.0,0.29932167652383024
9,random,300,0.9684144868118137,0.9763724067245747,0.9796989966555184,0.7914480185988718,0.9848687576535018,0.019845142599322463
9,random,500,0.9353682994195867,0.9620986944346785,0.9711036789297658,0.7681049884202408,0.9764086925416475,0.0
