n_clusters,init,max_iter,adjusted_rand_score,adjusted_mutual_info_score,purity_score,silhouette_score,calinski_harabasz_score,davies_bouldin_score
6,k-means++,300,0.5121741634266875,0.6813699114089671,0.8112781954887218,0.4313893894255463,0.9950276587943654,0.5381710018661853
6,k-means++,500,0.53463032998411,0.6961099191664435,0.8240601503759398,0.4217600296732923,0.9984563915032809,0.5301216333942116
6,random,300,0.558563262270782,0.7099316516532522,0.8473684210526315,0.4213236375564503,1.0,0.5254387973071856
6,random,500,0.5497943176595564,0.7047716855466543,0.8393483709273182,0.4200289369904472,0.9998670902135652,0.5262353042954605
