n_clusters,init,max_iter,adjusted_rand_score,adjusted_mutual_info_score,purity_score,silhouette_score,calinski_harabasz_score,davies_bouldin_score
3,k-means++,300,0.5783382680941503,0.6050207671430121,0.813,0.5103808259177102,0.9999950015719339,0.5808802062369742
3,k-means++,500,0.5786210317141197,0.605203218267208,0.8131999999999999,0.5104126550904209,0.9999987378872693,0.5808842529120666
3,random,300,0.579063742408024,0.6054985833782123,0.8135,0.5104526433066388,1.0,0.580908250898145
3,random,500,0.5790637424080239,0.6054985833782123,0.8135,0.5104526433066388,1.0,0.580908250898145
