n_clusters,init,max_iter,adjusted_rand_score,adjusted_mutual_info_score,purity_score,silhouette_score,calinski_harabasz_score,davies_bouldin_score
2,k-means++,300,0.5036031082019915,0.4023867337732899,0.8550000000000001,0.501576706284993,1.0,0.554663295760584
2,k-means++,500,0.5036031082019915,0.4023867337732899,0.8550000000000001,0.501576706284993,1.0,0.554663295760584
2,random,300,0.5036031082019915,0.4023867337732899,0.8550000000000001,0.501576706284993,1.0,0.554663295760584
2,random,500,0.5036031082019915,0.4023867337732899,0.8550000000000001,0.501576706284993,1.0,0.554663295760584
