n_clusters,init,max_iter,adjusted_rand_score,adjusted_mutual_info_score,purity_score,silhouette_score,calinski_harabasz_score,davies_bouldin_score
3,k-means++,300,0.9821173784975066,0.9690841238806025,0.994,0.6513859913483638,1.0,0.6710357093759579
3,k-means++,500,0.9821173784975066,0.9690841238806025,0.994,0.6513859913483638,1.0,0.6710357093759579
3,random,300,0.9821173784975066,0.9690841238806025,0.994,0.6513859913483638,1.0,0.6710357093759579
3,random,500,0.9821173784975066,0.9690841238806025,0.994,0.6513859913483638,1.0,0.6710357093759579
