n_clusters,init,max_iter,adjusted_rand_score,adjusted_mutual_info_score,purity_score,silhouette_score,calinski_harabasz_score,davies_bouldin_score
3,k-means++,300,0.8405253090755831,0.8251583671003424,0.9427999999999999,0.6414430086482026,0.99999291812933,0.634022703233359
3,k-means++,500,0.8412520377572456,0.8255223452543543,0.9431,0.6415206394542995,0.9999928133918867,0.6340096811454822
3,random,300,0.8405331260075803,0.8252243132884332,0.9427999999999999,0.641458887840689,0.9999996030086815,0.634060097523079
3,random,500,0.8402803891666009,0.8250324452514226,0.9427,0.6414545273850825,1.0,0.6340527538567174
