n_clusters,init,max_iter,adjusted_rand_score,adjusted_mutual_info_score,purity_score,silhouette_score,calinski_harabasz_score,davies_bouldin_score
2,k-means++,300,-0.0009563414669879337,-0.0006900397195112036,0.5031999999999999,0.3551553556918381,0.9939991862629729,0.0
2,k-means++,500,-0.000985975137654869,-0.0007114069771856508,0.502,0.35904500375768655,0.9983643743096688,0.012550715571965743
2,random,300,-0.0009839711276709608,-0.0007099637121231537,0.5020999999999999,0.36080589792276585,0.9998194536050035,0.017246372806902444
2,random,500,-0.0009859719280806106,-0.0007114077665503905,0.502,0.36121796123508004,1.0,0.017883527715566783
