n_clusters,init,max_iter,adjusted_rand_score,adjusted_mutual_info_score,purity_score,silhouette_score,calinski_harabasz_score,davies_bouldin_score
2,k-means++,300,-0.0009671374437308274,-0.0006978402319047167,0.5025000000000001,0.354206772089169,0.9932597385771642,0.45937432391812394
2,k-means++,500,-0.0009727566958316284,-0.0007018792691911073,0.5025,0.35597442927512646,0.9951896270279578,0.4608983817107002
2,random,300,-0.0009859719280806106,-0.0007114077665503905,0.502,0.36121796123508004,1.0,0.46455244472185786
2,random,500,-0.0009859719280806106,-0.0007114077665503905,0.502,0.36121796123508004,1.0,0.46455244472185786
