n_clusters,init,max_iter,adjusted_rand_score,adjusted_mutual_info_score,purity_score,silhouette_score,calinski_harabasz_score,davies_bouldin_score
7,k-means++,300,0.685785769288335,0.8155960025550131,0.8908629441624365,0.4552062721422609,0.9901085975263403,0.5670489432122743
7,k-means++,500,0.711873911459261,0.8369232457601303,0.9029187817258881,0.46157882962021535,0.9954733226007279,0.5694131116895867
7,random,300,0.7224672140642702,0.8345538542849145,0.898477157360406,0.4709825556252725,0.9995619827669198,0.5843531526448806
7,random,500,0.7228864390767525,0.8325348627309734,0.8961928934010152,0.4722978056013941,1.0,0.5868448721210906
