n_clusters,init,max_iter,adjusted_rand_score,adjusted_mutual_info_score,purity_score,silhouette_score,calinski_harabasz_score,davies_bouldin_score
15,k-means++,300,0.9853710994728087,0.9908534334718169,0.9909000000000001,0.704760440015405,1.0,0.24539368916295712
15,k-means++,500,0.9688121655885575,0.9854426400310843,0.97712,0.6931258183133459,0.9907576843046626,0.19936019436434493
15,random,300,0.9143812189593679,0.967949504690595,0.9343600000000001,0.6567264175825468,0.9613178255544007,0.0
15,random,500,0.9406086317339521,0.9761117500666959,0.9539,0.676808879001778,0.9774633829951025,0.09833501505264586
