n_clusters,init,max_iter,adjusted_rand_score,adjusted_mutual_info_score,purity_score,silhouette_score,calinski_harabasz_score,davies_bouldin_score
10,k-means++,300,0.3790225080539814,0.5555441175821751,0.6140557939914163,0.39310200008120183,0.996592776421031,0.560808990948576
10,k-means++,500,0.36625316072140734,0.5586037784355251,0.6133047210300429,0.39715844438727516,0.998199093018605,0.5654508528124536
10,random,300,0.3529885489890005,0.5594899418121753,0.6007510729613734,0.4112461438481823,1.0,0.5779659746693421
10,random,500,0.35290652575382053,0.5581946328856129,0.6009298998569385,0.40785786895480436,0.9998982847526406,0.5755557493303544
