n_clusters,init,max_iter,adjusted_rand_score,adjusted_mutual_info_score,purity_score,silhouette_score,calinski_harabasz_score,davies_bouldin_score
15,k-means++,300,0.9333609730327075,0.9537844525931802,0.9597800000000001,0.6148859439518872,0.9994815996798437,0.04070112026373518
15,k-means++,500,0.9343200600690089,0.9548113485115328,0.9594799999999999,0.6153908153092956,1.0,0.052795991444080426
15,random,300,0.9177942273383282,0.9486904844126764,0.9467599999999999,0.6071025297950795,0.9951530759269892,0.0
15,random,500,0.9333795934993958,0.9547349932190576,0.9606199999999999,0.6130656669668226,0.9991402066309818,0.04201754862920337
