n_clusters,init,max_iter,adjusted_rand_score,adjusted_mutual_info_score,purity_score,silhouette_score,calinski_harabasz_score,davies_bouldin_score
3,k-means++,300,0.5784738006731305,0.6051056426664017,0.8130999999999998,0.5104029239265777,0.9999982669364322,0.580880782448063
3,k-means++,500,0.5786210317141196,0.605203218267208,0.8131999999999999,0.5104126550904209,0.9999987378872693,0.5808842529120666
3,random,300,0.579063742408024,0.6054985833782123,0.8135,0.5104526433066388,1.0,0.580908250898145
3,random,500,0.5792008005145868,0.6055874218698543,0.8135999999999999,0.5104626465845901,0.9999998525717859,0.5809155861588626
