n_clusters,init,max_iter,adjusted_rand_score,adjusted_mutual_info_score,purity_score,silhouette_score,calinski_harabasz_score,davies_bouldin_score
3,k-means++,300,-0.00571711237794961,-0.0052724366439108675,0.34775641025641024,0.36048272325526287,0.997197323763837,0.0
3,k-means++,500,-0.005839585812388885,-0.005384741767504605,0.34615384615384615,0.3606072322845553,0.9996760506623557,0.0031727743427449884
3,random,300,-0.005836998162692757,-0.0053847424204926195,0.34423076923076923,0.36044024898438864,0.999951909812124,0.002702493739033085
3,random,500,-0.0058902550701827264,-0.0054262885005959835,0.3435897435897436,0.3602000094233748,1.0,0.0046138742539793
