n_clusters,init,max_iter,adjusted_rand_score,adjusted_mutual_info_score,purity_score,silhouette_score,calinski_harabasz_score,davies_bouldin_score
20,k-means++,300,0.9234890764171313,0.9604467434597705,0.9570863546473302,0.6320498434950019,0.9980856165697108,0.6491302336635695
20,k-means++,500,0.9307077359991494,0.9617524015390406,0.9622940013183916,0.6344731615834169,1.0,0.6538289817411888
20,random,300,0.906033436096622,0.9524120549175912,0.9446934739617667,0.6180977605159366,0.9894987468942715,0.646710323305166
20,random,500,0.9048287392272611,0.9514099648973803,0.9417930125247199,0.6162834109664818,0.9884056372568063,0.6411353120945609
