n_clusters,init,max_iter,adjusted_rand_score,adjusted_mutual_info_score,purity_score,silhouette_score,calinski_harabasz_score,davies_bouldin_score
4,k-means++,300,0.6615099546841182,0.7712442222974364,0.8984936268829665,0.5189810451142526,0.9924314750389589,0.6017005642746079
4,k-means++,500,0.6546352399439128,0.7694791638936735,0.9010428736964078,0.5126843850718832,0.9847912684840738,0.5978907852817609
4,random,300,0.6837628335559819,0.7787205565803863,0.899188876013905,0.5316703477663214,1.0,0.6100042529389509
4,random,500,0.683450779882218,0.7785748559621987,0.8990730011587486,0.5316360401020233,0.9999997677609066,0.6099733416455896
