bandwidth,bin_seeding,adjusted_rand_score,adjusted_mutual_info_score,purity_score,silhouette_score,calinski_harabasz_score,davies_bouldin_score
,True,0.9740863405211524,0.9526250897193119,0.9942062572421785,0.6194164796546278,0.7461426865216021,0.0
,False,0.9740863405211524,0.9526250897193119,0.9942062572421785,0.6194164796546278,0.7461426865216021,0.0
0.1,True,0.004218426128729744,0.09979488869527968,1.0,0.24027697441825216,0.9986558913728455,0.6546366378504458
0.1,False,0.0043012466738413324,0.09127548757679088,1.0,0.21142415979820423,1.0,0.7162075110742916
0.2,True,0.014173163865790612,0.18834008214744205,1.0,0.28664676875485195,0.8860857761498918,0.3880556851188125
0.2,False,0.013907385195855201,0.17783244289116074,1.0,0.2844519410038803,0.889592634810919,0.4956971382210563
0.3,True,0.03484967602832198,0.2576846715302121,1.0,0.30351376665828983,0.8190548522720186,0.25161315277541063
0.3,False,0.030393741465965903,0.24748438879733753,1.0,0.28574845049251824,0.8214762419558431,0.3232530949990786
