bandwidth,bin_seeding,adjusted_rand_score,adjusted_mutual_info_score,purity_score,silhouette_score,calinski_harabasz_score,davies_bouldin_score
,True,0.1658062269834907,0.46513357527633364,0.1984179301252472,0.460451264535293,0.7142952443542627,0.10712870347340242
,False,0.18219667650491927,0.49000517420214895,0.2003955174686882,0.45084470758202344,0.7134404563928531,0.0
0.1,True,0.029811564235658637,0.23046584830854638,1.0,0.2588374791033541,0.9901488379506763,0.72222759277411
0.1,False,0.026462119017547567,0.20548425798150258,1.0,0.23756420499900563,1.0,0.7707782816227923
0.2,True,0.10429896376478133,0.44084004396034354,1.0,0.32721469649116686,0.9006528614202924,0.5067078782403125
0.2,False,0.09745510792220467,0.42707317743117523,1.0,0.32201838171031066,0.9039648226754718,0.5756415425633857
0.3,True,0.25622734190095303,0.5866222717805288,1.0,0.35326903512568736,0.8514736872460086,0.38834551373108805
0.3,False,0.24786136470960907,0.5712427779872092,1.0,0.33057499131658513,0.8452968226127303,0.44321808133222196
