bandwidth,bin_seeding,adjusted_rand_score,adjusted_mutual_info_score,purity_score,silhouette_score,calinski_harabasz_score,davies_bouldin_score
,True,,,,,,
,False,,,,,,
0.1,True,0.0003327451990227542,0.00511082291052032,1.0,0.011120588929002532,0.9724393807724625,0.8385075449303351
0.1,False,0.00016637958183781385,0.0025570596935456827,1.0,0.0074175824175649946,1.0,0.8843719081508653
0.2,True,0.002494228238529441,0.029404545543174267,1.0,0.044305986451162946,0.830495372803187,0.4654138851400407
0.2,False,0.0017462893705924383,0.022511174626769097,1.0,0.03477200250012532,0.8686843343174019,0.5793245385294596
0.3,True,0.004570355569593103,0.05663181487643072,1.0,0.08295746947337047,0.781328381812514,0.0
0.3,False,0.003989259275091605,0.04195664929504769,1.0,0.053499805888025186,0.7911644590934093,0.3333484337665059
