bandwidth,bin_seeding,adjusted_rand_score,adjusted_mutual_info_score,purity_score,silhouette_score,calinski_harabasz_score,davies_bouldin_score
,True,0.5977750584455236,0.7596674027285466,0.6347826086956522,0.576676697937649,0.624317243543815,0.0
,False,0.5977750584455236,0.7596674027285466,0.6347826086956522,0.576676697937649,0.624317243543815,0.0
0.1,True,0.005930212643299515,0.13738281374549643,1.0,0.1883090784596638,0.9950262598024189,0.7705410092581355
0.1,False,0.005810167089727034,0.12901882851828472,1.0,0.179198039808068,1.0,0.8041476983760314
0.2,True,0.02232854661597742,0.25229609862166436,1.0,0.2627952239448082,0.903717238495568,0.6360989696524788
0.2,False,0.020791271410863822,0.23717703647316357,1.0,0.24188466683371612,0.9051253013310464,0.6951384499259192
0.3,True,0.08838105754268927,0.331285210742905,1.0,0.2941749928600692,0.8443200109911267,0.5240386222881728
0.3,False,0.0654439588937926,0.3171884407978902,1.0,0.27983178393660035,0.8494130486344719,0.5981710286322031
