bandwidth,bin_seeding,adjusted_rand_score,adjusted_mutual_info_score,purity_score,silhouette_score,calinski_harabasz_score,davies_bouldin_score
,True,0.3719567137412231,0.5400703785193968,0.5088832487309645,0.4524069333765294,0.6931887970802679,0.0
,False,0.3719567137412231,0.5400703785193968,0.5088832487309645,0.4524069333765294,0.6931887970802679,0.0
0.1,True,,,,,,
0.1,False,,,,,,
0.2,True,0.00021002665042639803,0.004978191779894848,1.0,0.01618066740787667,0.9610708126024443,0.9651071110423323
0.2,False,0.00014002131371768442,0.003320788298336749,1.0,0.011426909608185378,1.0,0.973440990840885
0.3,True,0.001049814148205465,0.02471290937400877,1.0,0.057268572588019234,0.8691345013689509,0.8731867852564255
0.3,False,0.0006066565786644175,0.014332679880487427,1.0,0.03924682832216601,0.9195180471283941,0.9238543530550866
