bandwidth,bin_seeding,adjusted_rand_score,adjusted_mutual_info_score,purity_score,silhouette_score,calinski_harabasz_score,davies_bouldin_score
,True,0.43645984447414754,0.5753580423920214,0.6265664160401002,0.6365810190010157,0.8746583083789036,0.0
,False,0.43645984447414754,0.5753580423920214,0.6265664160401002,0.6365810190010157,0.8746583083789036,0.0
0.1,True,,,,,,
0.1,False,,,,,,
0.2,True,,,,,,
0.2,False,,,,,,
0.3,True,0.00107357861101075,0.014678790293140887,1.0,0.008696650272861052,0.9320890476959456,0.737599583068717
0.3,False,7.670986745651658e-05,0.0011818433380232753,1.0,0.0009175883120583282,1.0,0.9595290937205111
