bandwidth,bin_seeding,adjusted_rand_score,adjusted_mutual_info_score,purity_score,silhouette_score,calinski_harabasz_score,davies_bouldin_score
,True,,,,,,
,False,,,,,,
0.1,True,0.08371545354248576,0.4036963942714961,0.7657367668097281,0.3112817733134536,0.9926759709331314,0.32141426615708435
0.1,False,0.07225329822675465,0.39510573439598556,0.7643061516452074,0.3132372932530342,1.0,0.3581751182640055
0.2,True,0.2538011396021024,0.505613956082761,0.7167381974248928,0.30845881420470056,0.9697111683783586,0.20877994254333465
0.2,False,0.23781452627434363,0.503316621488944,0.73068669527897,0.29461316806050486,0.9730347483805061,0.20869101136543988
0.3,True,0.3854831377100507,0.5517432081431558,0.6305436337625179,0.3583798997558107,0.9742502187500055,0.22295253775186563
0.3,False,0.3882438523543401,0.5374796667854783,0.6384120171673819,0.3125671605320865,0.9670128689538195,0.0
