n_clusters,embedding_size,adjusted_rand_score,adjusted_mutual_info_score,purity_score,silhouette_score,calinski_harabasz_score,davies_bouldin_score,norm_davies_bouldin_score
8,10,0.3772108930186824,0.5706934590550053,0.8184523809523809,0.22569233882103043,130.8495762695577,1.2712923706582178,0.44027797254045337
8,20,0.3044883198089151,0.5197831300765845,0.7261904761904762,0.21104457035491342,130.9652328694758,1.3280969379151188,0.42953537875254033
8,30,0.4312194428698445,0.6058584002656843,0.8392857142857143,0.2554908256825111,147.57665927998247,1.2549010133224983,0.44347844720977075
8,40,0.3593482175306666,0.564311332076145,0.8095238095238095,0.22758394938480803,133.04663412180906,1.3055007693364549,0.43374524671610043
