n_clusters,embedding_size,adjusted_rand_score,adjusted_mutual_info_score,purity_score,silhouette_score,calinski_harabasz_score,davies_bouldin_score,norm_davies_bouldin_score
3,2,0.9674643662218152,0.9499327558641838,0.989,0.6501675206252812,3015.0661945971046,0.49196793112870113,0.6702556932597618
3,5,0.9645159202322215,0.9437389612702035,0.988,0.6501661735409688,3011.7279597738293,0.491180837713138,0.6706094758658456
3,10,0.9645159202322215,0.9437389612702035,0.988,0.6501661735409688,3011.72795977383,0.491180837713138,0.6706094758658456
