n_clusters,embedding_size,adjusted_rand_score,adjusted_mutual_info_score,purity_score,silhouette_score,calinski_harabasz_score,davies_bouldin_score,norm_davies_bouldin_score
20,2,0.9067371457495428,0.9617857510193104,0.95385629531971,0.61675485760176,4954.950225720529,0.514944627251186,0.6600901326766412
20,5,0.9604859102952104,0.9797658043665939,0.980883322346737,0.6352792301861288,5305.061389720629,0.5005590696535565,0.6664182838406197
20,10,0.9917429238095835,0.9916145293623541,0.994726433750824,0.6556359627436786,5861.334789696916,0.48313282507450284,0.674248444302193
