n_clusters,embedding_size,adjusted_rand_score,adjusted_mutual_info_score,purity_score,silhouette_score,calinski_harabasz_score,davies_bouldin_score,norm_davies_bouldin_score
3,2,0.8410114421690741,0.8495655616586492,0.942,0.41644522713385085,1421.247970615901,1.086268515883326,0.4793246853828881
3,5,0.9360576889482974,0.9217122474591624,0.978,0.4651289871567069,1848.6977821801772,0.9423684194803078,0.5148353885755391
3,10,0.8488794188919498,0.8546798026781671,0.945,0.4219149815290233,1456.9445163555868,1.0761904146597712,0.4816513904211776
