n_clusters,embedding_size,adjusted_rand_score,adjusted_mutual_info_score,purity_score,silhouette_score,calinski_harabasz_score,davies_bouldin_score,norm_davies_bouldin_score
8,2,0.4628714785735495,0.6847835754523286,0.9227692307692308,0.2563557836048342,953.1478762331016,1.5962085438653206,0.3851770699865147
8,5,0.5298413861224129,0.7418641408913372,0.9384615384615385,0.34164905938989076,3009.3306183394525,1.110338068661924,0.4738577268020653
8,10,0.5883152978316767,0.7855937451839221,0.9538461538461539,0.4226957889141611,9144.569517582238,0.8024537280719546,0.554799263041098
