n_clusters,embedding_size,adjusted_rand_score,adjusted_mutual_info_score,purity_score,silhouette_score,calinski_harabasz_score,davies_bouldin_score,norm_davies_bouldin_score
15,2,0.8819203538598095,0.9420397891660383,0.9196,0.5682093644243822,10357.246617895762,0.5734885336044895,0.6355305289128717
15,5,0.8647865039090638,0.93366056901198,0.907,0.5566180600041027,9530.692197523214,0.6276558402442729,0.6143804944968732
15,10,0.9579989133803622,0.9665254564619059,0.9798,0.6206810756593695,13119.834883558673,0.4674812791273618,0.6814396982254181
