amount_clusters,epouch,adjusted_rand_score,adjusted_mutual_info_score,purity_score,silhouette_score,calinski_harabasz_score,davies_bouldin_score,norm_davies_bouldin_score
3,100,0.9821172165861545,0.968777198829422,0.994,0.6497467466593403,3009.3848199295635,0.4913114791242091,0.6705507293400988
3,300,0.9821172165861545,0.968777198829422,0.994,0.6497467466593403,3009.3848199295635,0.4913114791242091,0.6705507293400988
3,500,0.9821172165861545,0.968777198829422,0.994,0.6497467466593403,3009.3848199295635,0.4913114791242091,0.6705507293400988
