n_clusters,affinity,random_state,adjusted_rand_score,adjusted_mutual_info_score,purity_score,silhouette_score,calinski_harabasz_score,davies_bouldin_score
15,nearest_neighbors,42,0.988093307311186,0.9914231069309128,0.9941999999999999,0.7039933228928561,1.0,0.73109945530977
15,rbf,42,0.7381900813841117,0.8857153565792893,0.7270000000000001,0.47864145557004684,0.8579721991828279,0.6226359890443407
