n_clusters,affinity,random_state,adjusted_rand_score,adjusted_mutual_info_score,purity_score,silhouette_score,calinski_harabasz_score,davies_bouldin_score
7,nearest_neighbors,42,0.49205650862962125,0.7335993167715678,0.7893401015228426,0.19959794559719465,0.7511744034882392,0.0
7,rbf,42,0.9898005667112105,0.9849223572210193,0.9949238578680204,0.4954289494631364,1.0,0.656109659529224
