n_clusters,affinity,random_state,adjusted_rand_score,adjusted_mutual_info_score,purity_score,silhouette_score,calinski_harabasz_score,davies_bouldin_score
20,nearest_neighbors,42,0.5147320067111893,0.8401034797817243,0.7574159525379037,0.2604419075326295,0.8128412665672404,0.27755704858886826
20,rbf,42,0.5754813946337378,0.82094545488774,0.6123928806855636,0.39845932785822863,1.0,0.6269265534577255
