n_clusters,affinity,random_state,adjusted_rand_score,adjusted_mutual_info_score,purity_score,silhouette_score,calinski_harabasz_score,davies_bouldin_score
4,nearest_neighbors,42,0.9917585146896547,0.9873572041241016,0.9976825028968713,0.5373884422782929,1.0,0.6372414065689854
4,rbf,42,0.5619120352009899,0.6984858596112687,0.8794901506373117,0.44932997089853427,0.9529360213337058,0.5738924614248286
