n_clusters,affinity,random_state,adjusted_rand_score,adjusted_mutual_info_score,purity_score,silhouette_score,calinski_harabasz_score,davies_bouldin_score
9,nearest_neighbors,42,0.7274595967293054,0.8552099583595085,0.8297658862876254,0.42074323472723024,0.6574477896913247,0.44636201242447066
9,rbf,42,0.987498059827576,0.9886641714532536,0.9949832775919732,0.8140414009575864,1.0,0.7855713355308812
