n_clusters,affinity,random_state,adjusted_rand_score,adjusted_mutual_info_score,purity_score,silhouette_score,calinski_harabasz_score,davies_bouldin_score
6,nearest_neighbors,42,0.4969156920347837,0.7432614694248743,0.7794486215538846,0.4251222987879072,0.9593922350428535,0.0
6,rbf,42,0.5311015345380963,0.762504055609442,0.8320802005012531,0.5086271342626805,1.0,0.100249308689069
