n_clusters,affinity,random_state,adjusted_rand_score,adjusted_mutual_info_score,purity_score,silhouette_score,calinski_harabasz_score,davies_bouldin_score
3,nearest_neighbors,42,0.3877585739324272,0.4621355217665812,0.7339743589743588,0.03870991130591595,1.0,0.36408379141476954
3,rbf,42,1.0,1.0,1.0,0.0013442973442779934,0.5041236485170949,0.0
