n_clusters,affinity,random_state,adjusted_rand_score,adjusted_mutual_info_score,purity_score,silhouette_score,calinski_harabasz_score,davies_bouldin_score
15,nearest_neighbors,42,0.9534433659356569,0.9644622227869311,0.9773999999999999,0.615108367711976,1.0,0.6767190909994595
15,rbf,42,0.612392664875182,0.8154564054033541,0.646,0.34608175445107253,0.8527185303332261,0.5387734334799118
