n_clusters,affinity,random_state,adjusted_rand_score,adjusted_mutual_info_score,purity_score,silhouette_score,calinski_harabasz_score,davies_bouldin_score
10,nearest_neighbors,42,0.3516062054568191,0.5534940286189246,0.6165951359084405,0.35891067480244543,1.0,0.5698400424742533
10,rbf,42,0.2752866116571014,0.4979309307523535,0.5164520743919886,0.3395199923669209,0.9586347196557491,0.5652749153536667
