rows,cols,radius,adjusted_rand_score,adjusted_mutual_info_score,purity_score,silhouette_score,calinski_harabasz_score,davies_bouldin_score,norm_davies_bouldin_score
5,5,0.01,0.560967472820288,0.5921605408153378,0.933,0.2909802607668574,926.2275372853452,1.5483738180980076,0.3924071079753736
5,5,0.05,0.5647631867580458,0.7102425648616661,0.667,0.5472803457251716,1502.9411611931223,0.504515488996265,0.6646658059114755
5,5,0.1,-1.0,-1.0,-1.0,-1.0,-1.0,-1.0,inf
5,5,0.3,-1.0,-1.0,-1.0,-1.0,-1.0,-1.0,inf
5,5,0.5,-1.0,-1.0,-1.0,-1.0,-1.0,-1.0,inf
5,5,1.0,-1.0,-1.0,-1.0,-1.0,-1.0,-1.0,inf
