rows,cols,radius,adjusted_rand_score,adjusted_mutual_info_score,purity_score,silhouette_score,calinski_harabasz_score,davies_bouldin_score,norm_davies_bouldin_score
5,5,0.01,0.36516978124849403,0.5182198200668858,1.0,0.2321422914183885,472.8509874593187,0.7934002303452539,0.5576000175975702
5,5,0.05,1.0,1.0,1.0,0.3935615044391553,895.1474068395414,1.0072591541294258,0.49819177456122393
5,5,0.1,1.0,1.0,1.0,0.3935615044391553,895.1474068395414,1.0072591541294258,0.49819177456122393
5,5,0.3,-1.0,-1.0,-1.0,-1.0,-1.0,-1.0,inf
5,5,0.5,-1.0,-1.0,-1.0,-1.0,-1.0,-1.0,inf
5,5,1.0,-1.0,-1.0,-1.0,-1.0,-1.0,-1.0,inf
