n_clusters,embedding_size,adjusted_rand_score,adjusted_mutual_info_score,purity_score,silhouette_score,calinski_harabasz_score,davies_bouldin_score,norm_davies_bouldin_score
3,2,-0.00444541867055487,-0.004165084347365011,0.3525641025641026,0.3558349325285026,227.33403205837246,0.9042380387905666,0.5251444302809575
3,5,0.03235251240927038,0.0898431356647647,0.4391025641025641,0.25856745251485647,124.63028870822295,1.0222554581311432,0.4944973672733438
3,10,0.06600006550366994,0.07818317703533124,0.5128205128205128,0.1492268931559289,51.460001513648486,1.946979284586191,0.3393305155656763
