n_clusters,embedding_size,adjusted_rand_score,adjusted_mutual_info_score,purity_score,silhouette_score,calinski_harabasz_score,davies_bouldin_score,norm_davies_bouldin_score
2,2,-0.0009659639239841126,-0.0006969672222780243,0.503,0.35213609821071074,581.3369625044431,1.1795922058423876,0.458801420430622
2,5,-0.0004186840875988969,-0.0003480608968186269,0.511,0.3104348012025472,462.45649853115714,1.1886068376200571,0.4569116676467226
2,10,-0.0008024341689493544,-0.0005816967358072908,0.507,0.0629073860715413,10.753773438362643,8.971526991684977,0.10028554311028558
