n_clusters,embedding_size,adjusted_rand_score,adjusted_mutual_info_score,purity_score,silhouette_score,calinski_harabasz_score,davies_bouldin_score,norm_davies_bouldin_score
3,2,0.7215012444017578,0.7365371516806931,0.896,0.3605435525308348,1242.5525883198798,1.0583873860636324,0.48581720174274634
3,5,-1.0,-1.0,-1.0,-1.0,-1.0,-1.0,inf
3,10,0.38890121354705454,0.4727318722896521,0.637,0.45502052805426674,1408.3103702629996,0.9444063313931735,0.5142957949964587
