n_clusters,embedding_size,adjusted_rand_score,adjusted_mutual_info_score,purity_score,silhouette_score,calinski_harabasz_score,davies_bouldin_score,norm_davies_bouldin_score
4,2,0.5762164037626283,0.7231905085639359,0.9107763615295481,0.3413477813409374,337.6015838505799,1.9890562114442258,0.33455376187683966
4,5,0.15791435680661853,0.33740413132744623,0.5527230590961761,0.5794852719378593,421.97807671792134,0.6512171682715382,0.6056138581981803
4,10,0.164931417988767,0.3689790230801374,0.5596755504055619,0.5882616970861736,423.79645083402744,0.5708835941522645,0.6365844062046209
