n_clusters,embedding_size,adjusted_rand_score,adjusted_mutual_info_score,purity_score,silhouette_score,calinski_harabasz_score,davies_bouldin_score,norm_davies_bouldin_score
7,10,0.405259150339807,0.5636779139362358,0.5683982683982683,0.26711993087307917,1099.0775534968368,2.0216342952402577,0.3309467335525087
7,20,0.2549101327722677,0.4275077639695587,0.4056277056277056,-0.11509871722332478,141.8680610544161,3.1318505281750513,0.2420223077241079
7,30,0.3477213689213939,0.5092146677143394,0.48398268398268396,0.23046717784214374,1172.8425529607996,1.5629230554320763,0.3901794858337691
7,40,0.37551390814592756,0.5555145923282058,0.5337662337662338,0.2846292217046065,1171.5024072307624,1.5235513855546656,0.3962669457512173
