n_clusters,embedding_size,adjusted_rand_score,adjusted_mutual_info_score,purity_score,silhouette_score,calinski_harabasz_score,davies_bouldin_score,norm_davies_bouldin_score
10,2,0.20946047277181704,0.4019432036967862,0.4417024320457797,0.2703256737602963,867.9436334737196,0.9895766678876871,0.5026194849086614
10,5,0.08706625282709309,0.29881437564892965,0.34298998569384836,0.05031796692732552,316.28344811790384,1.279703542396856,0.43865352726899337
10,10,0.3542829136378448,0.5178307462972757,0.5565092989985694,0.2953602823784151,1618.8487593019083,1.4611171214453813,0.406319549478699
