n_clusters,embedding_size,adjusted_rand_score,adjusted_mutual_info_score,purity_score,silhouette_score,calinski_harabasz_score,davies_bouldin_score,norm_davies_bouldin_score
6,2,0.6071380037894258,0.7500541694166802,0.8421052631578947,0.4186755105860092,602.7745671665474,0.9891859184016244,0.50271821791476
6,5,0.6730736250337542,0.7400918432307823,0.7142857142857143,0.5649142322239259,679.8996090179218,0.6231987919938472,0.6160674865779413
6,10,0.2834210888724883,0.4653651188362528,0.5087719298245614,0.31513660086464995,126.28131935879668,1.1117168829299282,0.4735483284163251
